name,pref,city,district,latitude,longitude,urban_point,in_mesh_point,is_island
スワン44ねむろ,北海道,根室市,春国岱,43.2616741,145.438370399999,278.79759047863524,6445731513,False
さるふつ公園,北海道,猿払村,浜鬼志別,45.329219,142.177348,320.38618951564354,,False
しらたき,北海道,遠軽町,奥白滝,43.870061,143.076278,356.6255988888937,,False
ぐるっとパノラマ美幌峠,北海道,美幌町,字古梅,43.647837,144.24901,360.07679026735786,,False
マリーンアイランド岡島,北海道,枝幸町,岡島,44.8783757,142.631812999999,386.8763873964407,6742255023,False
おだいとう,北海道,別海町,尾岱沼潮見町,43.533413,145.236875599999,415.5288018378,6545214822,False
てっくいランド大成,北海道,せたな町,大成区花歌,42.212366,139.876681,427.3121580640508,,False
びふか,北海道,美深町,字西里,44.5588576,142.3200331,433.96894803175275,,False
愛ランド湧別,北海道,湧別町,登栄床,44.1308204,143.719206399999,477.5179565352949,,False
サロマ湖,北海道,佐呂間町,字若里,44.0999179,143.8241425,492.4874383202634,,False
森と湖の里ほろかない,北海道,幌加内町,字政和第一,44.114633,142.139546,564.2496782627157,6642113131,False
オスコイ！かもえない,北海道,神恵内村,大字赤石村,43.1653589,140.3855694,642.5340321182427,,False
さらべつ,北海道,更別村,字弘和,42.6333115,143.2718483,643.1293277656334,,False
足寄湖,北海道,足寄町,中矢,43.2522652,143.4806105,660.6692798241818,6443730814,False
ピンネシリ,北海道,中頓別町,字敏音知,44.8774622,142.213402099999,692.9487927791926,,False
かわうち湖,青森県,むつ市,川内町国有林野地内,41.2703981,140.888218899999,708.0907819967704,,False
奄美大島住用,鹿児島県,奄美市,大字役勝字下役勝,28.25964435,129.4088365,753.2421293583573,4229331221,True
☆ロマン街道しょさんべつ,北海道,初山別村,字豊岬,44.5635037,141.7768178,782.3892386176462,,False
阿寒丹頂の里,北海道,釧路市,阿寒町上阿寒,43.1440197,144.1469574,793.9051682552779,6444517124,False
にしおこっぺ花夢,北海道,西興部村,字上興部,44.3359883,142.8680679,844.6524696961471,6642460914,False
しりうち,北海道,知内町,字上雷,41.6012589,140.3358339,860.0722635831929,6240322622,False
おびら鰊番屋,北海道,小平町,字港町,44.137022,141.654956,887.7722278262804,6641156214,False
白金ビルケ,北海道,上富良野町,清富,43.503055833000076,142.5972233330001,891.3795271154474,6542240724,False
みついし,北海道,新ひだか町,字鳧舞,42.2208744,142.634226099999,901.6589200003042,,False
たいらだて,青森県,外ヶ浜町,字平舘門の沢,41.1748371,140.6411974,1013.4682790188932,6140650134,False
なかがわ,北海道,中川町,字誉,44.8016912999999,142.067347899999,1014.1333937231028,6742106512,False
あいおい,北海道,津別町,字布川,43.545622,143.980525,1034.7045811904027,6543275814,False
はちもり,秋田県,八峰町,八森,40.421583,139.948678,1048.8864471389002,,False
らんこし・ふるさとの丘,北海道,蘭越町,目名町,42.7620988,140.478985299999,1068.276966283686,6440131814,False
しらぬか恋問,北海道,白糠町,西庶路東三条南４丁目,42.9927351,144.1981267,1077.2931678257241,,False
上ノ国もんじゅ,北海道,上ノ国町,字原歌,41.8084965,140.0949663,1156.9578954720978,6240507721,False
わきのさわ,青森県,むつ市,脇野沢字滝山,41.167961,140.80477,1220.1574809748013,6140660412,False
みんまや,青森県,外ヶ浜町,字三厩龍浜,41.2538342,140.346791199999,1263.0705818297706,,False
しほろ温泉,北海道,士幌町,字下居辺,43.138881,143.367911,1274.7950662794763,6443526932,False
こどまり,青森県,中泊町,大字小泊字浜野,41.1449049,140.320595799999,1323.5496376774886,,False
くろまつない,北海道,黒松内町,字熱郛原野,42.6727094,140.3800337,1339.611365185482,6440030032,False
十三湖高原,青森県,中泊町,大字今泉字唐崎,41.045391,140.385462,1340.9334213118684,,False
三田貝分校,岩手県,岩泉町,門,39.871122,141.589311,1354.9737588304163,5941644731,False
ふかうら,青森県,深浦町,大字風合瀬,40.7442227,140.0004692,1369.233345385549,6140009013,False
シェルプラザ・港,北海道,寿都町,字磯谷町能津登,42.8801825,140.370026999999,1398.9009654986933,6440225941,False
たのはた,岩手県,田野畑村,室場,39.909617,141.902577,1476.4231789124105,5941679211,False
いまべつ,青森県,今別町,大字大川平,41.145511,140.514335,1483.9578362881878,,False
しんごう,青森県,新郷村,大字戸来,40.4317584,141.0744455,1494.1726637741294,,False
絵本の里けんぶち,北海道,剣淵町,東町,44.0938311,142.390979799999,1497.5278939044324,,False
よってけ！島牧,北海道,島牧村,字元町,42.6867269,140.0134173,1528.4765092337661,6440002113,False
フォーレスト276大滝,北海道,伊達市,三階滝町,42.6980639,141.1303673,1605.8253077895572,,False
とうや湖,北海道,洞爺湖町,字洞爺町,42.6645113999999,140.8218199,1632.0056551132902,,False
サンフラワー北竜,北海道,北竜町,字板谷,43.7510483,141.875302,1658.8972749245172,6541570011,False
くずまき高原,岩手県,岩手町,大字江刈内,39.984567,141.339957599999,1668.0778388486576,5941728711,False
ピア21しほろ,北海道,士幌町,字中士幌,43.14431243535183,143.23927561066256,1710.0112516223612,6443517913,False
宇目,大分県,佐伯市,大字南田原,32.8037318,131.6103962,1722.1481496399595,,False
布施ヶ坂,高知県,津野町,船戸,33.4266321,133.099612,1731.2705457357445,5033101722,False
こさか七滝,秋田県,小坂町,上向字藤原,40.356598,140.781686,1773.5680755396995,6040462243,False
おおぎみ,沖縄県,大宜味村,字根路銘,26.69032089,128.1081144,1849.037221362716,,False
瀬戸農業公園,愛媛県,伊方町,塩成,33.4474558,132.2580887,1875.5801782700491,,False
やまびこ館,岩手県,宮古市,夏屋,39.6488825,141.5891622,1878.327169614633,,False
ゆすはら,高知県,檮原町,太郎川,33.3883586039407,132.944983352392,1883.9221514460626,,False
おおの,岩手県,洋野町,大野,40.2792091,141.6634076,1887.5572205741012,6041353313,False
おおの,岩手県,洋野町,大野,40.2792091,141.6634076,1887.5572205741012,6041353313,False
四万十とおわ,高知県,四万十町,十和川口,33.22391239,132.835433,1890.6891367833932,4932666644,False
やたて峠,秋田県,大館市,長走,40.4210338,140.624428999999,1904.2122309210536,,False
四万十大正,高知県,四万十町,瀬里,33.1825666,132.9713214,1914.6944790355851,4932671743,False
種山ヶ原,岩手県,住田町,世田米字子飼沢,39.1798365,141.3958808,1943.5658591259921,5841631141,False
木の香,高知県,いの町,足谷,33.77982358,133.3076915,1977.0694517954048,,False
ルート229元和台,北海道,乙部町,字三ツ谷,42.0113971,140.1062194,2037.5758591522044,6340001814,False
まるせっぷ,北海道,遠軽町,丸瀬布元町,43.9959412,143.3287235,2045.9992017850313,,False
うり坊の郷katamata,山口県,萩市,大字片俣,34.4832259,131.6322742,2050.3585926675805,5131557043,False
今治市多々羅しまなみ公園,愛媛県,今治市,上浦町甘崎,34.2548482,133.0545056,2060.2701204966356,5133300432,False
錦秋湖,岩手県,北上市,和賀町仙人,39.3007195,140.875146999999,2065.259080811057,,False
なとわ・えさん,北海道,函館市,日ノ浜町,41.7794873,141.1016303,2108.0216964195242,6241503831,False
はやちね,岩手県,花巻市,内川目,39.5367746,141.3404903,2120.710285834935,5941224713,False
あかいがわ,北海道,赤井川村,字都,43.05086768,140.844843,2120.983864737623,,False
桜峠,石川県,能登町,字太田原,37.3313915,137.011255099999,2139.7439880483,,False
願成就温泉,島根県,津和野町,中座,34.4344327,131.7705123,2190.09447130425,,False
香りの里たきのうえ,北海道,滝上町,新町,44.19689,143.090986,2206.984043108561,6643203732,False
うずしお,徳島県,鳴門市,鳴門町土佐泊浦,34.2420275,134.6597796,2231.054312649537,,False
匹見峡,島根県,益田市,匹見町道川,34.6434408362994,132.091414707934,2246.306881471175,5132707712,False
北浦,宮崎県,延岡市,北浦町古江阿蘇,32.68479224,131.8009041,2295.758278297513,,False
すず塩田村,石川県,珠洲市,仁江町,37.486335,137.113786,2296.6474568441486,5637108913,False
千枚田ポケットパーク,石川県,輪島市,白米町,37.424166,136.997631,2297.813429169077,5636170944,False
イノブータンランド・すさみ,和歌山県,すさみ町,和深川,33.519882,135.545723,2359.335296055434,5035242323,False
はなやか（葉菜野花）小清水,北海道,小清水町,字浜小清水,43.9339211,144.453267999999,2364.968857622664,6544732612,False
奥出雲おろちループ,鳥取県,日南町,新屋杉谷,35.0959542,133.1278312,2418.6315961910386,,False
望羊中山,北海道,喜茂別町,字福島,42.8551768,141.096589099999,2424.4717089928863,,False
酒谷,宮崎県,日南市,大字酒谷甲酒谷７区,31.64171361,131.2662425,2464.346195581008,4731326134,False
もみじ川温泉,徳島県,那賀町,大久保,33.7976977,134.4462171,2478.05217528192,5034535541,False
協和,秋田県,大仙市,協和荒川字上荒川,39.61884,140.362517,2478.59828373416,,False
大月,高知県,大月町,大字弘見亀尾,32.82875238,132.7093139,2480.105928874221,,False
富士見,北海道,遠別町,遠別汐見町,44.7141204,141.7936472,2490.4401325432646,6741065332,False
キラメッセ室戸,高知県,室戸市,元,33.3064297,134.1102099,2496.6991841783824,4934706844,False
月山,山形県,鶴岡市,上名川,38.5869944,139.874501,2506.366989664883,,False
一枚岩,和歌山県,古座川町,相瀬,33.5459472,135.7201178,2535.2049630912074,5035255741,False
大歩危,徳島県,三好市,,33.881363,133.7600397,2581.7933476994804,5033665044,False
狼煙,石川県,珠洲市,狼煙町,37.525975,137.324423,2604.92498373628,5637223522,False
虹の湖,青森県,黒石市,大字袋,40.581966,140.687643,2681.094970385239,,False
さんりく,岩手県,大船渡市,三陸町越喜来字泊,39.121158,141.798998,2694.1860627620367,,False
みさわ,青森県,三沢市,谷地頭２丁目,40.7854137,141.3638954,2699.639208727452,6141124911,False
大山,高知県,安芸市,伊尾木下山,33.47009977,133.9440693,2710.5869287142873,,False
田園の里うりゅう,北海道,雨竜町,平和,43.6625089,141.8940224,2711.819525903664,,False
区界高原,岩手県,盛岡市,簗川第１地割,39.6516145,141.3535295,2732.1219812265003,5941328812,False
雫石あねっこ,岩手県,雫石町,橋場安栖,39.706412,140.874886,2743.537187703179,,False
つるぬま,北海道,浦臼町,鶴沼第２,43.4516011,141.8357178,2748.150932872369,6541164622,False
ひろた,愛媛県,砥部町,総津,33.6403789,132.7998209,2774.213133251998,,False
おといねっぷ,北海道,音威子府村,字音威子府,44.729078,142.257872,2780.9534815710463,6742027023,False
長門峡,山口県,山口市,阿東篠目,34.3031352,131.5762756,2823.7620146072145,5131346613,False
パパスランドさっつる,北海道,清里町,札弦町,43.7904595,144.5339946,2840.016461473424,6544544243,False
めじかの里土佐清水,高知県,土佐清水市,三崎,32.7935136,132.8831857,2844.6615712614803,,False
たたらば壱番地,島根県,雲南市,吉田町吉田,35.167018,132.8302795,2871.2663632111685,,False
ゆうひパーク三隅,島根県,浜田市,折居町,34.8203532,131.9768367,2882.4127387636204,5231178813,False
633美の里,高知県,いの町,上八川,33.6436742,133.3283198,2887.9882315902287,,False
なんごう,宮崎県,日南市,夫婦浦,31.50305750451858,131.37893236128008,2895.437165311764,,False
230ルスツ,北海道,留寿都村,字留寿都,42.7399293,140.884562599999,2895.998806674653,6440078044,False
瀧之拝太郎,和歌山県,古座川町,小川,33.601578,135.765646,2896.136488432373,5035362112,False
サンエイト美都,島根県,益田市,美都町丸茂,34.6877695,132.0221317,2915.152517100847,5232002142,False
萩・さんさん三見,山口県,萩市,三見,34.3889298,131.3219684,2922.92097809502,,False
にしいや,徳島県,三好市,,33.8891692,133.811312,2938.301660923082,,False
グリーンロード大和,島根県,美郷町,長藤,34.9675792,132.6417383,2938.7271002314947,5232356112,False
おろちの里,島根県,雲南市,木次町北原,35.2203028,132.9620748,2958.437285497068,,False
いわいずみ,岩手県,岩泉町,乙茂,39.8423053,141.8626587,2961.568062042131,,False
たかの,広島県,庄原市,高野町中門田,35.024058,132.8815981,2984.6712671242244,5232472043,False
オホーツク紋別,北海道,紋別市,海洋公園,44.3283409,143.3750043,3006.86859175242,,False
みかわ,愛媛県,久万高原町,上黒岩,33.61453348177243,132.96965641623294,3018.219680447538,5032373741,False
清流の里ひじかわ,愛媛県,大洲市,肱川町宇和川,33.46112194,132.6766988,3025.338923883495,5032155413,False
大館能代空港,秋田県,北秋田市,脇神,40.19197,140.371628,3047.5150072066535,,False
犬挟,鳥取県,倉吉市,関金町山口,35.3293041,133.7560998,3065.3922603573847,,False
霧の森,愛媛県,四国中央市,新宮町馬立,33.92418679,133.6411104,3123.4294466432166,,False
フェニックス,宮崎県,宮崎市,大字折生迫,31.7689827,131.4784246,3140.9897566321865,4731532814,False
ふぉレスト君田,広島県,三次市,君田町西入君,34.8990665,132.8494852,3148.586791318399,,False
笹川流れ,新潟県,村上市,桑川,38.3751788,139.458521099999,3151.6681683507545,5739435621,False
ことなみ,香川県,まんのう町,勝浦,34.0950942,134.007744,3163.1021886502112,5134101023,False
根占,鹿児島県,南大隅町,根占山本,31.1855383,130.7673153,3180.63008904602,4630662114,False
うりまく,北海道,鹿追町,瓜幕東３丁目,43.1697466,143.0250228,3196.906837317971,6443600213,False
スパ羅漢,広島県,廿日市市,中道,34.389119,132.1042513,3215.964531591555,,False
長島,鹿児島県,長島町,指江,32.1616955,130.1092388,3233.8578436418934,,False
波野,熊本県,阿蘇市,波野大字小地野,32.9599128,131.1974424,3273.324980705514,,False
頓原,島根県,飯南町,花栗,35.0897856,132.7856173,3332.8802127182325,,False
たろう,岩手県,宮古市,田老,39.7634891,141.965689,3365.878464432737,,False
瀞峡街道熊野川,和歌山県,新宮市,熊野川町田長,33.791406,135.897097,3380.4895015417824,,False
よって西土佐,高知県,四万十市,西土佐奈路,33.1732559,132.7890999,3390.3026529706995,4932660333,False
縄文ロマン 南かやべ,北海道,函館市,安浦町,41.9279214,140.944749799999,3398.9908223455004,,False
あつみ,山形県,鶴岡市,早田,38.580422,139.558108599999,3404.175018089929,5739649441,False
伊方きらら館,愛媛県,伊方町,九町,33.48089422,132.3075462,3409.9825019909695,,False
いいたて村の道の駅までい館,福島県,飯舘村,深谷字椚立,37.697267,140.735624,3425.325766860394,,False
おりつめ,岩手県,九戸村,大字江刺家,40.248349,141.4165286,3471.779255789808,6041239334,False
田沢,山形県,米沢市,大字入田沢,37.8776582,139.984182299999,3490.9309752710838,5639675823,False
白樺の里やまがた,岩手県,久慈市,山形町,40.1509394,141.5735177,3507.523011806781,6041148522,False
シルクウェイにちはら,島根県,津和野町,池村曽庭,34.553541,131.8080661,3522.1032250204453,,False
そうべつ情報館ｉ（アイ）,北海道,壮瞥町,字滝之町,42.559133,140.899048499999,3527.8072143669087,6340677122,False
蒜山高原,岡山県,真庭市,蒜山富山根共和,35.2949044550575,133.667559857008,3534.980882460796,,False
あゆの里矢田川,兵庫県,香美町,村岡区原,35.5565686,134.5706767,3543.2569906625063,,False
赤神,石川県,輪島市,門前町赤神,37.2482394,136.7094471,3552.5416025913614,5536659644,False
北方よっちみろ屋,宮崎県,延岡市,北方町早日渡巳,32.595757,131.49193,3565.4070660648254,,False
名水の郷きょうごく,北海道,京極町,字京極,42.8589072,140.870902399999,3567.82537430426,,False
田野,宮崎県,宮崎市,甲倉谷（南分団）,31.7962179384285,131.306942591262,3605.039722437306,,False
とざわ,山形県,戸沢村,大字古口真柄,38.728688,140.161431,3605.210386319764,,False
ならは,福島県,楢葉町,大字山田岡字坂下,37.2500062,140.9976258,3607.515143079538,,False
そよ風パーク,熊本県,山都町,大字今,32.7266122,131.1634577,3623.3919123596465,4931017311,False
みねはま,秋田県,八峰町,峰浜沼田,40.2668499,140.028074,3641.2665892307705,,False
サンピコごうつ,島根県,江津市,後地町,35.0451252,132.29894,3667.570496105962,,False
かきのきむら,島根県,吉賀町,柿木村柿木,34.4422853,131.8677416,3678.3191773554618,5131563912,False
熊野古道中辺路,和歌山県,田辺市,中辺路町近露関ノ平,33.8120801,135.5949713,3683.0917469948117,,False
なかじまロマン峠,石川県,七尾市,中島町中島代本,37.130547,136.863246,3687.187277673581,,False
あぐり窪川,高知県,四万十町,平串,33.2311649,133.1491857,3702.8675685308094,,False
ゆとりパークたまがわ,山口県,萩市,大字江崎,34.6485043,131.6650353,3720.0582476012105,,False
萩往還,山口県,萩市,大字椿,34.36952669,131.4130646,3721.076492259147,,False
山之口,宮崎県,都城市,山之口町山之口,31.79442,131.202615,3736.096139444512,,False
ふたつい,秋田県,能代市,小繋字神明社下,40.21843,140.260873,3737.5505746706244,,False
裏磐梯,福島県,北塩原村,大字檜原字雄子沢原,37.6650583,140.0437534,3744.2236289364287,5640309343,False
たるみず,鹿児島県,垂水市,牛根麓,31.5587885,130.7445649,3779.7047146011996,4730257921,False
きなはい屋しろかわ,愛媛県,西予市,城川町下相,33.379789,132.7493583,3808.351524614049,5032055942,False
からむし織の里しょうわ,福島県,昭和村,大字佐倉,37.325463,139.630138999999,3811.1318265733375,,False
尾瀬街道みしま宿,福島県,三島町,大字川井,37.4777576,139.670801999999,3817.9988998379968,,False
しかべ間歇泉公園,北海道,鹿部町,字大岩,42.0285219,140.8305528,3850.6811478247687,6340063614,False
しもごう,福島県,下郷町,大字南倉沢,37.2035393,139.916342799999,3892.154624229593,,False
鷹ら島,長崎県,松浦市,神崎免,33.4338551,129.7823616,3910.0727336752984,5029162221,False
越後市振の関,富山県,朝日町,境,36.979982,137.644765,3913.3935476664515,,False
ことおか,秋田県,三種町,鯉川,40.022308,140.08035,3914.5386786137606,6040002632,False
すごう,大分県,竹田市,大字菅生,32.9566388,131.2941063,3929.0203550127667,,False
ニセコビュープラザ,北海道,ニセコ町,字元町,42.7994920999999,140.7023947,3936.0704964193405,6440155633,False
いおり,石川県,七尾市,庵町虫崎町,37.0288253,137.0465297,3941.3920438231644,5537403323,False
わじき,徳島県,那賀町,中山,33.8690075,134.5546957,3953.8122586478453,5034644414,False
小谷,長野県,小谷村,大字北小谷,36.8452608,137.900440399999,3954.3089484936286,5537271213,False
大杉,高知県,大豊町,杉,33.750923,133.6634001,3983.9711666209328,5033550311,False
奥入瀬,青森県,十和田市,大字沢田,40.586204,141.117434,3986.965349660505,6041700914,False
津島やすらぎの里,愛媛県,宇和島市,津島町高田,33.139682,132.5203019,3994.639928684665,,False
黒之瀬戸だんだん市場,鹿児島県,長島町,山門野,32.1082779,130.1709191,4006.695089491836,4830112343,False
飛騨たかね工房,岐阜県,高山市,高根町中之宿,36.0464759,137.4407412,4007.7257224234017,,False
おんねゆ温泉,北海道,北見市,温根湯温泉,43.7546445,143.500530799999,4034.5899133386297,6543540031,False
にちなん日野川の郷,鳥取県,日南町,生山１３区,35.1706825,133.3109329,4046.298781174543,5233620424,False
芸能とトキの里,新潟県,佐渡市,新穂潟上,38.0456376,138.4441345,4052.0156673042807,5738035523,True
あっさぶ,北海道,厚沢部町,緑町,41.9165731,140.2161538,4052.818850315849,6240619734,False
せせらぎ郷かみつえ,大分県,日田市,上津江町川原,33.1125613,130.9619356,4062.5814542328603,4930573642,False
番屋,福島県,南会津町,番屋,37.0688217,139.6154861,4072.1073935545737,5539448913,False
津山,宮城県,登米市,横山字伊貝,38.619593,141.325525,4074.4305383718956,5741724613,False
鯛生金山,大分県,日田市,中津江村合瀬,33.12915687,130.8826215,4077.918659107699,,False
ピュアラインにしき,山口県,岩国市,錦町府谷字河本,34.2783956,131.9695374,4083.3496433139862,5131373723,False
羽鳥湖高原,福島県,天栄村,大字田良尾字芝草,37.2399765,140.063392199999,4086.116278659495,,False
よこはま,青森県,横浜町,字林ノ後,41.083731,141.256588,4089.5450035240247,6141520021,False
さんない,秋田県,横手市,山内土淵字道地,39.2893172,140.6258076,4101.999651331906,,False
三滝堂,宮城県,登米市,米谷字福平,38.7079696,141.327823,4112.130404523674,,False
あぷた,北海道,洞爺湖町,字入江,42.5289975,140.7787362,4139.617183313804,,False
許田,沖縄県,名護市,字許田,26.55206898,127.9693201,4150.042972757034,3927676721,False
たじま,福島県,南会津町,糸沢,37.0865496,139.7275995,4150.431448165911,5539550813,False
ハピネスふくえ,山口県,萩市,大字福井下,34.4339084,131.4826402,4160.292064514805,5131532821,False
遠野風の丘,岩手県,遠野市,綾織町新里,39.3309253,141.501123,4165.592239364802,,False
かみこあに,秋田県,上小阿仁村,小沢田,40.063515,140.297203,4190.302212983843,6040027342,False
尾瀬檜枝岐,福島県,檜枝岐村,字居平,37.032756,139.395721,4193.640713068218,5539433143,False
霧島,鹿児島県,霧島市,霧島田口,31.8632418574195,130.851291496017,4195.063479445872,,False
あさじ,大分県,豊後大野市,朝地町下野,33.0025623,131.4480727,4196.909055452472,4931430524,False
七ヶ宿,宮城県,白石市,小原字冷清水,37.971123,140.505066,4215.570784487683,,False
ゆめランド布野,広島県,三次市,布野町下布野,34.8557897,132.7970555,4231.869727312952,,False
くにみ,大分県,国東市,伊美,33.68050195,131.6057447,4234.990669531008,,False
有明,熊本県,天草市,赤崎,32.5055195,130.3057604,4242.868481701244,4830620432,False
あに,秋田県,北秋田市,阿仁比立内字堂ノ向,39.901824,140.456774,4244.585039403503,5940638621,False
かみおか,秋田県,大仙市,北楢岡,39.5221473,140.3767219,4251.080001532132,5940232031,False
高田松原,岩手県,陸前高田市,気仙町字土手影,39.008465,141.62854,4256.737377708339,,False
マオイの丘公園,北海道,長沼町,１７区,42.94998,141.716616,4259.362925116354,6441353734,False
白い森おぐに,山形県,小国町,大字小国小坂町,38.0719561,139.7306094,4259.795648188264,,False
パスカル清見,岐阜県,高山市,清見町大原,35.9406247,137.082694599999,4272.161582303614,,False
土佐和紙工芸村,高知県,いの町,鹿敷,33.5735339,133.366191,4292.558668234223,5033228934,False
野方あらさの,鹿児島県,志布志市,山重,31.50002,130.9242,4306.357051432355,4730270322,False
メルヘンの里新庄,岡山県,新庄村,東町,35.175467,133.571876,4331.2408525978135,5233641522,False
﨑津,熊本県,天草市,崎津,32.31666777800006,130.02528000000007,4339.062827417013,4830308211,False
にしね,岩手県,八幡平市,大更第１６地割,39.8799670999999,141.0993785,4356.200356266702,,False
林林館,宮城県,登米市,米川字飯土井,38.742664,141.316076,4359.429041689858,,False
親不知ピアパーク,新潟県,糸魚川市,大字歌,37.0031567,137.730283999999,4359.572083261479,5537450814,False
とわだ,青森県,十和田市,大字伝法寺,40.574645,141.264611599999,4366.4142306627555,,False
伯方S・Cパーク,愛媛県,今治市,伯方町叶浦,34.20281321,133.0755153,4378.367954815986,5133204613,False
もち米の里☆なよろ,北海道,名寄市,風連町南町,44.2874188,142.413771799999,4379.239268406197,6642334313,False
石狩「あいろーど厚田」,北海道,石狩市,厚田区小谷,43.403873,141.43118,4392.195563360975,,False
なないろ・ななえ,北海道,七飯町,字峠下,41.925666,140.655973,4433.919483772663,6240751212,False
大野温泉,熊本県,芦北町,天月,32.2898864,130.5821497,4481.039748978739,4830344643,False
奥飛騨温泉郷上宝,岐阜県,高山市,奥飛騨温泉郷今見,36.249002,137.499654,4502.017431079582,,False
酒蔵奥出雲交流館,島根県,奥出雲町,亀嵩,35.2272046,133.0867723,4534.5973385177795,5233607624,False
大日岳,岐阜県,郡上市,西洞,35.9876432,136.8910742,4535.954097722864,,False
日吉夢産地,愛媛県,鬼北町,大字下鍵山,33.33023396,132.7982451,4563.386898643011,4932769342,False
桜の郷 荘川,岐阜県,高山市,荘川町猿丸,36.0212127,136.9656118,4564.2906061523,5436072731,False
三朝・楽市楽座,鳥取県,三朝町,恩地,35.3663211,133.8503077,4579.741616689296,5333063833,False
路田里はなやま,宮城県,栗原市,花山字本沢富ノ原,38.794418,140.844319,4591.9597184273025,5840165723,False
おくとろ,和歌山県,北山村,大字大沼,33.939828,135.946428,4609.056275631197,5035772543,False
江差,北海道,江差町,字大澗町,41.8943424,140.1392891,4610.92088722126,6240617113,False
清和文楽邑,熊本県,山都町,大字米生,32.6906432695944,131.091349989549,4620.493069469524,4931002734,False
竹田,大分県,竹田市,大字米納,32.98558484,131.3404683,4652.260196361286,4931328713,False
飛騨街道 なぎさ,岐阜県,高山市,久々野町長淀,36.0068712,137.2916605,4654.489804679321,,False
なかとさ,高知県,中土佐町,久礼,33.322394,133.235246,4654.752762360872,4933718842,False
風の家,岡山県,真庭市,蒜山上徳山字中原,35.2768308,133.6239421,4657.876316254451,,False
龍神,和歌山県,田辺市,龍神村湯ノ又,33.9654598,135.5648354,4672.026438324369,5035745533,False
どなり,徳島県,阿波市,土成町宮川内,34.150942,134.3524444,4713.431998253024,5134128811,False
原尻の滝,大分県,豊後大野市,緒方町上自在,32.9656659,131.4522001,4725.85711168708,,False
五城目,秋田県,五城目町,富津内下山内,39.9470864,140.1442137,4736.516781988889,,False
慈恩の滝 くす,大分県,日田市,天瀬町赤岩,33.265953,131.068506,4748.735568919014,4931701534,False
掛合の里,島根県,雲南市,掛合町掛合,35.2109317,132.817038,4785.9018888172195,5232665514,False
奥大山,鳥取県,江府町,佐川,35.2961102,133.4740758,4790.666437555217,5233735742,False
さんわ182ステーション,広島県,神石高原町,坂瀬川,34.6734859,133.2998686,4800.786926122837,,False
青雲橋,宮崎県,日之影町,大字七折,32.6606405,131.3884957,4820.621276929193,,False
あさひ,山口県,萩市,大字佐々並久年,34.286296,131.4595121,4840.80458207294,5131334624,False
子守唄の里 五木,熊本県,五木村,丙,32.39931672,130.826733,4872.677773064263,4830467633,False
つちゆ,福島県,二本松市,塩沢,37.65512,140.334294,4893.351521992304,,False
瀬女,石川県,白山市,瀬戸,36.2881213,136.649386899999,4929.435498617192,,False
鷲の里,徳島県,那賀町,和食,33.86319896,134.5022843,4935.226990753966,5034643031,False
とうま,北海道,当麻町,宇園別,43.844134,142.4895,4937.119348349398,6542631913,False
ちくさ,兵庫県,宍粟市,下河野,35.1079584,134.4418745,4941.107546590784,,False
すくも,高知県,宿毛市,市島,32.91616528,132.7125287,4941.908485573107,4932259733,False
リストアステーション,広島県,庄原市,総領町稲草,34.784591,133.0713142,4956.88170883758,,False
北浦街道 豊北,山口県,下関市,豊北町大字神田,34.3103986,130.8886701,4973.694742434524,5130377111,False
モンデウス飛騨位山,岐阜県,高山市,一之宮町南,36.0618682,137.2256962,4993.7311097473375,,False
奥津温泉,岡山県,鏡野町,奥津川西,35.2233861,133.9228551,5004.822651234515,5233676344,False
湯西川,栃木県,日光市,五十里,36.930014,139.686957,5020.896425400792,,False
雪のふるさと やすづか,新潟県,上越市,安塚区円平坊,37.095594,138.470325,5024.073800757822,5538531723,False
河野,福井県,南越前町,大良,35.796725,136.091944,5024.3187331300005,,False
とよはま,愛媛県,四国中央市,川之江町余木,34.04276798,133.6013067,5034.40936632301,,False
水の郷日高川 龍游,和歌山県,田辺市,龍神村福井,33.895542,135.4393106,5082.289941492102,5035637513,False
利賀,富山県,南砺市,利賀村高沼,36.524368,137.026689,5128.422700339501,,False
北の関宿安芸高田,広島県,安芸高田市,高宮町原田,34.7210499,132.6810513,5131.043744648562,5232056432,False
日向,宮崎県,日向市,幸脇遠見,32.3433606,131.6240436,5161.380616442755,4831441922,False
みえ,大分県,豊後大野市,三重町宮野,33.0286904,131.621548,5162.201379367757,4931443923,False
細入,富山県,富山市,片掛,36.4885782,137.2381219,5165.24683092898,,False
白崎海洋公園,和歌山県,由良町,大字大引,33.9773454,135.0697275,5183.062175332738,,False
じょんのびの里高柳,新潟県,柏崎市,高柳町岡野町,37.2133616,138.634207899999,5202.512544299056,,False
阿久根,鹿児島県,阿久根市,大川,31.9459201,130.2164754,5207.003400870484,4730713732,False
南飛騨小坂,岐阜県,下呂市,赤沼田,35.9314581,137.2943447,5218.998619298414,5337721343,False
風穴の里,長野県,松本市,安曇稲核,36.1533265,137.752097199999,5221.256564100231,,False
きらら289,福島県,南会津町,山口字村上,37.2219817,139.5426599,5231.006055035906,5539646332,False
椿はなの湯,和歌山県,白浜町,大字日置,33.6032763,135.3917584,5244.066601136236,5035332114,False
むろね,岩手県,一関市,折壁字月山下,38.933199,141.447163,5247.923627721201,5841331544,False
飛騨古川いぶし,岐阜県,飛騨市,古川町畦畑,36.213988,137.150621,5253.436695371363,,False
ぽかぽかランド美麻,長野県,大町市,美麻,36.6053378,137.895563,5254.496109553296,5437772141,False
上平,富山県,南砺市,真木,36.377491,136.871469,5269.941438664186,5436465923,False
みつまた,新潟県,湯沢町,大字三俣,36.8996915,138.777174999999,5283.445275234743,5538267233,False
虫喰岩,和歌山県,古座川町,池野山,33.539756,135.826121,5315.7203340208425,5035264633,False
ゆふいん,大分県,由布市,大字川北,33.2606456,131.327088,5329.6531068552185,,False
すえよし,鹿児島県,曽於市,末吉町深川,31.6883335,130.9703435,5331.376505545106,4730472741,False
北川はゆま,宮崎県,延岡市,北川町長井本村,32.6660363,131.7045941,5338.61204997869,4831759634,False
豊平どんぐり村,広島県,北広島町,都志見,34.6468579,132.4446982,5340.289398787763,5132737541,False
松山,鹿児島県,志布志市,新橋,31.5815885,131.0424142,5351.014312175631,4731209334,False
いりひろせ,新潟県,魚沼市,東野名,37.355921,139.057244,5352.692011662754,,False
田辺市龍神ごまさんスカイタワー,奈良県,野迫川村,大字弓手原,34.0611272,135.5643407,5414.675166900204,,False
馬瀬 美輝の里,岐阜県,下呂市,西村,35.819913,137.187413,5417.4104344950265,5337518424,False
忠類,北海道,幕別町,忠類栄町,42.5588618,143.2991945,5425.55412152628,6343627322,False
温泉の里神山,徳島県,神山町,神領,33.9735681,134.3676836,5453.787539339088,5034726934,False
たいら,富山県,南砺市,東中江,36.445401,136.9739623,5466.417051949876,,False
川辺やすらぎの郷,鹿児島県,南九州市,野崎,31.4127345,130.4328971,5475.08819593089,4730039441,False
紫波,岩手県,紫波町,遠山字中松原,39.5555548,141.2064173,5500.306933604019,5941216641,False
サザンセトとうわ,山口県,周防大島町,大字西方,33.9041614,132.3417151,5504.184272348349,5032628714,False
とようら,北海道,豊浦町,字旭町,42.577551,140.722382,5506.36122011524,6340659724,False
熊野きのくに,三重県,熊野市,飛鳥町小又,33.959915,136.1042538,5506.713754180268,5036705812,False
よがんす白竜,広島県,三原市,大和町和木,34.5064709,132.913945,5513.614989367653,5132670333,False
喜多の郷,福島県,喜多方市,松山町鳥見山字松原,37.7019379,139.878264299999,5514.334451262475,,False
鯉が窪,岡山県,新見市,哲西町矢田武内，馬場地区,34.9320499,133.3317222,5537.67689787743,5233321643,False
いぶすき,鹿児島県,指宿市,岩本,31.3022146,130.5900439,5549.394806368128,4630746713,False
くしもと橋杭岩,和歌山県,串本町,鬮野川,33.488152,135.7944057,5556.603636418846,5035168341,False
てんきてんき丹後,京都府,京丹後市,竹野願興寺,35.7390035,135.1052393,5557.981213941427,,False
あわくらんど,岡山県,西粟倉村,大字影石影石,35.1801962,134.3352197,5585.422867783609,5234621642,False
津和野温泉なごみの里,島根県,津和野町,鷲原,34.4501785,131.760771,5585.917142560548,5131564022,False
風の丘米山,新潟県,柏崎市,大字青海川,37.3465151,138.4899212,5613.683278846302,5638031931,False
坂本,熊本県,八代市,坂本町荒瀬,32.4266742,130.6409382,5614.201724250606,4830551112,False
風Ｗとままえ,北海道,苫前町,字苫前,44.3133031,141.6564717,5628.260242593748,,False
白川郷,岐阜県,白川村,大字島,36.2789273,136.9015389,5653.914874412906,5436373213,False
紀州備長炭記念公園,和歌山県,田辺市,秋津川,33.803251,135.427282,5676.4229105335235,,False
胎内,新潟県,胎内市,下赤谷,38.0634898,139.4529738,5679.649327716196,,False
小田の郷せせらぎ,愛媛県,内子町,小田,33.5685039,132.8007525,5683.23525062111,5032268411,False
なぶら土佐佐賀,高知県,黒潮町,佐賀,33.0867393,133.101781,5699.429342957494,,False
さいかい,長崎県,西海市,木場郷,33.0429925322659,129.695700982278,5700.863623561501,4929455521,False
錦江にしきの里,鹿児島県,錦江町,神川,31.2736586432512,130.79243728518,5703.988277044466,4630762334,False
木曽福島,長野県,木曽町,福島,35.8176611,137.6822766,5706.877912143087,,False
清水の里・鳥海郷,秋田県,由利本荘市,鳥海町上笹子字新町,39.1095406,140.2915146,5713.426395979086,5840523312,False
長野市大岡特産センター,長野県,長野市,信州新町左右,36.5263933,137.9581356,5720.70352198912,5437673621,False
神鍋高原,兵庫県,豊岡市,日高町栗栖野,35.4989999,134.6750817,5727.757750465915,,False
三岳,長野県,木曽町,福島,35.8225594,137.6480735,5731.631983295913,5337558142,False
あまるべ,兵庫県,香美町,香住区余部,35.6491191,134.5601201,5736.103277386519,5334347444,False
くにさき,大分県,国東市,鶴川,33.5456622,131.7397294,5739.394606406479,5031255913,False
奥会津かねやま,福島県,金山町,大字中川字沖根原,37.4719243,139.530582699999,5745.205417759304,5639146232,False
瀬替えの郷せんだ,新潟県,十日町市,中仙田甲,37.1990419,138.6863544,5753.339531736294,5538653444,False
みかわ,新潟県,阿賀町,吉津,37.7177569,139.3600965,5775.8973048900625,,False
吉野路 上北山,奈良県,上北山村,大字河合,34.139756,136.000117,5778.244841306036,,False
やまくに,大分県,中津市,山国町宇曽,33.4063728,131.0614676,5810.91550964581,5031008444,False
大坂城残石記念公園,香川県,土庄町,小海,34.53390705,134.2421851,5813.778104305787,5134614912,True
ながお,香川県,さぬき市,前山,34.22135991,134.1750001,5843.7116646649665,5134216431,False
飛騨白山,岐阜県,白川村,大字御母衣,36.17388,136.901648,5866.310570448569,5436270233,False
しらまの里,和歌山県,有田川町,大字宇井苔,34.0150722,135.3344646,5938.687214060591,5135021644,False
ビオスおおがた,高知県,黒潮町,浮鞭,33.0350772,133.0270676,5941.046475437039,4933404211,False
北条公園,鳥取県,北栄町,国坂大野,35.4981997,133.8199605,5952.903805167857,,False
瑞穂,島根県,邑南町,下田所,34.854446,132.51885,5955.289000674917,5232242141,False
十津川郷,奈良県,十津川村,大字小原,33.9882842,135.7931678,5958.151040463944,,False
六合,群馬県,中之条町,大字生須,36.607483,138.638618,6030.106390331512,5438752133,False
土佐さめうら,高知県,土佐町,宮古野,33.7426438,133.544235,6042.274362595671,5033449321,False
小豆島ふるさと村,香川県,小豆島町,室生,34.47101922,134.2361538,6045.24693255168,5134516842,True
おふく,山口県,美祢市,於福町下,34.23794705,131.2084956,6081.153567436367,5131218641,False
三笠,北海道,岩見沢市,岡山町,43.2466006,141.804549899999,6092.541450761071,,False
つぐ高原グリーンパーク,愛知県,設楽町,津具,35.1975534,137.6091672,6108.544851865721,,False
のと里山空港,石川県,穴水町,字木原,37.2950414,136.9571283,6120.920751261002,,False
村岡ファームガーデン,兵庫県,香美町,村岡区光陽,35.4618426,134.6029025,6136.805427530657,5334145813,False
メルヘンの丘めまんべつ,北海道,大空町,女満別公園６丁目,43.9173357,144.188488099999,6137.801661501209,,False
とうごう,宮崎県,日向市,鶴野内中水流,32.3913691,131.5135813,6139.630213584853,4831446133,False
舟屋の里伊根,京都府,伊根町,伊根大浦,35.6746353,135.2910882,6179.790802313877,5335420334,False
しんしのつ,北海道,新篠津村,宍粟１,43.2141162,141.6427006,6199.04013198984,,False
宇土マリーナ,熊本県,宇土市,赤瀬町,32.66224214,130.5226985,6203.690552999457,4830749124,False
なかやま,愛媛県,伊予市,双海町上灘,33.669723056000066,132.69500000000005,6220.767356271938,5032450523,False
漢学の里しただ,新潟県,三条市,庭月,37.5418094,139.1020031,6229.118810675882,,False
遣唐使ふるさと館,長崎県,五島市,三井楽町浜ノ畔,32.7382789,128.6903638,6247.693317764797,4928058531,True
空の夢もみの木パーク,香川県,まんのう町,追上,34.1548496,133.8215512,6272.291702426158,,False
にしかわ,山形県,西川町,大字綱取,38.436059,140.099237,6274.296696858558,,False
かもがわ円城,岡山県,吉備中央町,円城二番，三番，津恵田，岩倉,34.8922864,133.8139708,6282.783414381761,5233267511,False
瀬戸大橋記念公園,香川県,坂出市,沙弥島,34.3526893,133.8261282,6286.74723658251,,False
赤来高原,島根県,飯南町,赤名,34.9990459,132.7138075,6310.836058245741,5232359733,False
白鷹ヤナ公園,山形県,白鷹町,大字高岡高岡２,38.2181108,140.097322399999,6312.018662484208,5740206722,False
阿賀の里,新潟県,阿賀町,釣浜,37.7380141,139.3071892,6325.848720536959,,False
しまなみの駅御島,愛媛県,今治市,大三島町明日,34.2489624,133.0052532,6333.378834329524,5133209034,False
なかさつない,北海道,中札内村,大通南７丁目,42.69214,143.126839,6341.507195529716,6443013011,False
八ッ場ふるさと館,群馬県,長野原町,大字林,36.5475134,138.6842731,6347.740592416605,,False
たからだの里さいた,香川県,三豊市,財田町財田上,34.1096518756569,133.796699285705,6351.01755660956,5133163321,False
真狩フラワーセンター,北海道,真狩村,字真狩,42.7623215,140.807704599999,6369.558022358384,6440161423,False
よしうみいきいき館,愛媛県,今治市,吉海町臥間,34.1274701,133.0219454,6375.1555603323795,5133105124,False
夜叉ヶ池の里さかうち,岐阜県,揖斐川町,坂内広瀬,35.602032,136.413732,6375.389159751976,,False
奥熊野古道ほんぐう,和歌山県,田辺市,本宮町伏拝,33.8652408,135.761985,6386.873311220107,5035663044,False
美ヶ原高原,長野県,上田市,武石上本入,36.2306352,138.1403249,6395.421832078994,,False
越前,福井県,越前町,茂原,35.91988,135.997047,6414.670675602062,,False
耶馬トピア,大分県,中津市,本耶馬渓町樋田,33.48984147,131.1745356,6422.704836937707,5031118344,False
はわい,鳥取県,湯梨浜町,南谷,35.4942979,133.8904755,6465.909044482333,,False
能生,新潟県,糸魚川市,大字能生,37.113566,138.003775,6473.26785608814,,False
San Pin 中津,和歌山県,日高川町,大字船津,33.950318,135.2633365,6537.1445079246105,,False
ひらた,福島県,平田村,大字上蓬田,37.2505454,140.560032099999,6537.341347428335,,False
三野,徳島県,三好市,太刀野,34.0504869,133.9324821,6553.960009542723,5133076421,False
さくらの里きすき,島根県,雲南市,加茂町南加茂,35.318905,132.912142,6571.312078311038,5232778224,False
のとじま,石川県,七尾市,能登島向田町,37.1373588,136.9982406,6574.121698598175,5536576924,False
ひだ朝日村,岐阜県,高山市,朝日町上ケ見,36.0879645,137.3505722,6578.022938107963,5437120831,False
くめなん,岡山県,久米南町,下二ケ,34.91226658,133.947028,6584.875672901494,5233279524,False
九頭竜,福井県,大野市,朝日,35.904237,136.6614651,6604.282525180614,5336658242,False
ゆいゆい国頭,沖縄県,国頭村,字鏡地,26.7319805,128.1693617,6624.68216880367,4028017343,False
大桑,長野県,大桑村,大字殿,35.6820939,137.653466999999,6627.55642982294,5337451234,False
自然体感しむかっぷ,北海道,占冠村,字中央,42.978859,142.39758,6628.307013500018,,False
ふるさとセンター大塔,和歌山県,田辺市,鮎川,33.7427886,135.5018536,6654.411040054674,5035449011,False
天城越え,静岡県,伊豆市,湯ケ島,34.8558282,138.921934999999,6654.973591206872,,False
神林,新潟県,村上市,九日市,38.1724825,139.4610655,6662.4495853404915,,False
うとろ・シリエトク,北海道,斜里町,漁港区域,44.0690728999999,144.990668499999,6676.502876194449,6644078914,False
名田庄,福井県,おおい町,納田終（小向）,35.3946307,135.5842232,6689.3977087244475,5335047623,False
いいで,山形県,飯豊町,大字松原字松原下,38.026065,139.994671,6737.004312568057,,False
風早の郷風和里,愛媛県,松山市,大浦,33.99670576,132.7722822,6738.393396001566,,False
かよう,岡山県,吉備中央町,北山本,34.8164407,133.7053268,6743.306222678679,,False
信越さかえ,新潟県,津南町,上郷宮野原逆巻,36.9884835,138.581679799999,6748.742909435197,,False
摩周温泉,北海道,弟子屈町,湯の島３丁目,43.4923914,144.4477187,6751.619829279685,6544139522,False
志原海岸,和歌山県,白浜町,大字日置,33.5704506,135.4314215,6769.425768542214,5035238423,False
さくらの郷,福島県,二本松市,東新殿字大林,37.53478,140.5902479,6800.502489717609,5640244711,False
うたしないチロルの湯,北海道,歌志内市,字中村,43.503388,142.004244,6810.594168768196,6542200014,False
フレッシュあさご,兵庫県,朝来市,岩津,35.2126699,134.7945519,6815.810126695436,5234665341,False
うすずみ桜の里・ねお,岐阜県,本巣市,根尾長嶺,35.660163,136.589241,6817.473277159352,,False
南ふらの,北海道,南富良野町,字幾寅,43.1697013,142.572798299999,6823.975321389691,,False
ふたみ,愛媛県,伊予市,双海町高岸,33.68511817,132.6340324,6842.280916374773,5032452021,False
伊良湖クリスタルポルト,愛知県,田原市,伊良湖町,34.5836256978391,137.020198234393,6843.7769590501985,,False
みやもり,岩手県,遠野市,字下宮守２７地割,39.3460524,141.3513044,6852.099440797925,5941021831,False
丹後王国「食のみやこ」,京都府,京丹後市,弥栄木橋,35.6746549,135.0681027,6867.799783655209,,False
なんごう,青森県,八戸市,南郷大字中野,40.4067846,141.4304303,6869.962020830237,,False
木曽ならかわ,長野県,塩尻市,大字木曽平沢宮下,35.9862023,137.841959099999,6870.398503339495,,False
水辺の郷おおやま,大分県,日田市,大山町西大山字小平,33.2479097,130.972093,6871.047493893673,4930679742,False
鹿北,福岡県,八女市,立花町上辺春,33.1136383,130.6688462,6912.616519738065,,False
三方五湖,福井県,若狭町,鳥浜,35.56019,135.894361,6929.751253008633,,False
豊根グリーンポート宮嶋,愛知県,豊根村,坂宇場,35.1791637,137.6826773,6937.486979840683,5237651423,False
ハチ北,兵庫県,香美町,村岡区福岡,35.411442,134.5998095,6945.768348398335,5334049724,False
そうま,福島県,相馬市,赤木字勝木作,37.7611089,140.947952399999,6951.837369467366,5640571524,False
歌舞伎の里大鹿,長野県,大鹿村,大字大河原、大字鹿塩,35.56500111100006,138.03694666700005,6959.966978532863,5338207244,False
もりた,青森県,つがる市,森田町床舞,40.784406,140.322251,6967.263841251476,6140124522,False
佐賀関,大分県,大分市,大字大平,33.2472111,131.8284304,6974.1081514315265,4931669632,False
世羅,広島県,世羅町,大字東上原,34.59638,133.0841,6979.336005175355,5133701641,False
星のふる里 ふじはし,岐阜県,揖斐川町,西横山,35.5774127,136.462913399999,7001.838675899274,,False
あそ望の郷くぎの,熊本県,南阿蘇村,大字久石,32.81851,131.0415257,7006.451299366457,4931108312,False
すさみ,和歌山県,すさみ町,江住江須之川,33.50583784,135.599887,7006.5284229706685,,False
たいじ,和歌山県,太地町,大字森浦,33.5923615,135.9337127,7008.025706460427,5035371421,False
紀宝町ウミガメ公園,三重県,紀宝町,井田,33.7698186,136.0284344,7018.097791584282,5036502214,False
マイントピア別子,愛媛県,新居浜市,立川町,33.9019237,133.3098559,7026.840856474978,,False
ふるどの,福島県,古殿町,大字田口字寺前,37.0931301,140.5297735,7029.159578203571,5540541212,False
鐘のなるまち・ちっぷべつ,北海道,秩父別町,字南山,43.7648305,141.9659629,7037.603315097227,6541571734,False
みなみ波賀,兵庫県,宍粟市,安賀,35.1483048,134.5398216,7061.215105730671,5234547333,False
おがち,秋田県,湯沢市,小野,39.0651389,140.460393,7101.284408161764,5840437644,False
南信州うるぎ,長野県,売木村,,35.273888889000034,137.7094452780001,7103.3229689092095,5237752644,False
しちのへ,青森県,東北町,大字新舘,40.716825299999996,141.1552503,7112.836036030306,6141016212,False
良寛の里 わしま,新潟県,長岡市,島崎,37.5816068,138.7590595,7114.725856088315,,False
熊野・板屋 九郎兵衛の里,三重県,熊野市,紀和町木津呂,33.876518,135.915236,7133.151495363921,5035675311,False
樹海ロード日高,北海道,日高町,本町東１丁目,42.8767898,142.442007399999,7139.8221520054185,6442235512,False
一向一揆の里,石川県,白山市,別宮町,36.3604418,136.599083299999,7157.493435892398,5436443724,False
越後出雲崎 天領の里,新潟県,出雲崎町,大字尼瀬,37.5388864,138.678708799999,7180.841559193245,5638254432,False
琴の浦,鳥取県,琴浦町,別所船望台,35.502427,133.6585,7185.689175010113,5333250223,False
白鳥,岐阜県,郡上市,歩岐島,35.9233631,136.8321178,7185.7333052429385,,False
来夢とごうち,広島県,安芸太田町,大字上殿,34.5744153,132.2698295,7192.530616701371,,False
上矢作ラ・フォーレ福寿の里,岐阜県,恵那市,上矢作町本郷,35.323636,137.471578,7211.741445978927,,False
今治湯ノ浦温泉,愛媛県,今治市,湯ノ浦,33.99285832,133.0484121,7261.808703755378,5033709322,False
おおがた,秋田県,大潟村,字西１丁目,40.0153495,139.9515185,7280.179454076967,,False
くみはまSANKAIKAN,京都府,京丹後市,神野長柄,35.6304672,134.9319473,7285.240819292576,5334375441,False
秋鹿なぎさ公園,島根県,松江市,大垣町,35.4745447,132.9507238,7306.222757043584,,False
和良,岐阜県,郡上市,宮地,35.7425082,137.067786699999,7340.114810122555,,False
はっとう,鳥取県,八頭町,徳丸上徳丸,35.3665335,134.3395629,7356.055979989648,5334023733,False
キララ多伎,島根県,出雲市,多伎町久村,35.2907257,132.6324284,7368.705280708324,5232754043,False
大栄,鳥取県,北栄町,由良宿４区,35.4987404,133.7617796,7371.675872195514,,False
ながゆ温泉,大分県,竹田市,直入町大字長湯,33.0716662,131.3830698,7409.1796826027985,4931438041,False
信州平谷,長野県,平谷村,,35.324356,137.631746,7413.7886772712045,5237758043,False
ふくしま東和,福島県,二本松市,戸沢字下田,37.5699562,140.5773494,7425.393778779803,,False
しみず,和歌山県,有田川町,大字清水,34.0882447,135.4432703,7428.888847922403,5135130532,False
農匠の郷やくの,京都府,福知山市,字平野平野,35.3383704,134.929796,7435.875080985634,5334070432,False
夕張メロード,北海道,夕張市,紅葉山,42.93699,142.038078,7473.298161710534,6442302313,False
杉原紙の里・多可,兵庫県,多可町,加美区清水,35.1889597,134.930123,7476.503448127216,5234672432,False
みま,愛媛県,宇和島市,三間町務田,33.2863482,132.5960143,7492.359016109891,4932744723,False
いんない,大分県,宇佐市,院内町大副,33.4238178,131.3202066,7492.948561338206,5031120543,False
東由利,秋田県,由利本荘市,東由利蔵,39.3016038,140.285026,7502.901699496698,,False
猪苗代,福島県,猪苗代町,大字磐里,37.538341,140.107459,7539.35917065043,,False
しょうない,山形県,庄内町,狩川緑町,38.794158,139.984412,7551.000477071953,5839175824,False
山陰海岸ジオパーク浜坂の郷,兵庫県,新温泉町,戸田,35.610649,134.469807,7563.205570916118,,False
ライスランドふかがわ,北海道,深川市,音江町１丁目,43.6994830999999,142.070593,7580.2093309973325,6542403543,False
清流白川 クオーレの里,岐阜県,白川町,和泉,35.5954472,137.2189831,7580.506366332473,,False
あがつま峡,群馬県,東吾妻町,大字松谷松中,36.57048,138.73569,7581.004270441893,5438658824,False
黒井山グリーンパーク,岡山県,瀬戸内市,邑久町虫明上町,34.6935595,134.2053097,7609.281432642306,,False
夕陽が丘そとめ,長崎県,長崎市,東出津町,32.8358987,129.7037628,7614.9538006336625,,False
えびの,宮崎県,えびの市,大字永山永山,32.05018155,130.8055977,7621.2540236872055,4830066412,False
北前船 松前,北海道,松前町,字唐津,41.4265145,140.107232299999,7626.7259290514885,6240101821,False
茶の里東白川,岐阜県,東白川村,越原,35.6677832,137.352420599999,7626.738593332163,5337420811,False
尾花沢,山形県,大石田町,大字鷹巣,38.6569024,140.3636879,7636.197180984477,,False
海山,三重県,紀北町,大字便ノ山,34.102363,136.214084,7667.650493028678,,False
白馬,長野県,白馬村,大字神城飯田,36.65359,137.8473274,7677.749519820523,5437768724,False
一本松展望園,岡山県,瀬戸内市,邑久町尻海市場,34.65635976,134.1657126,7685.411592888862,,False
アグリステーションなぐら,愛知県,設楽町,西納庫字森田,35.1729675,137.5347209,7692.365232892118,5237640244,False
阿武町,山口県,阿武町,大字奈古,34.4971187,131.4680689,7710.392563153405,5131539732,False
ウトナイ湖,北海道,苫小牧市,字沼ノ端ウトナイ区画整理地区,42.6999513,141.694648799999,7715.085323890803,,False
上関海峡,山口県,上関町,大字室津,33.8330038,132.1165198,7719.755784793875,5032509934,False
象潟,秋田県,にかほ市,象潟町,39.220129,139.9001819,7720.305384998378,5839676213,False
小豆島オリーブ公園,香川県,小豆島町,西村,34.47284808,134.2736405,7778.867796686577,5134526142,True
しおのえ,香川県,高松市,塩江町安原上,34.17020407,134.0820671,7778.93124860001,5134200623,False
あらぎの里,和歌山県,有田川町,大字三田,34.0930462,135.4128144,7841.774208492939,5135131311,False
さとみ,茨城県,常陸太田市,小菅町,36.7057462,140.5096817,7849.382550016337,5540044042,False
若狭熊川宿,福井県,若狭町,熊川,35.440696,135.906077,7849.5022138392405,5335172234,False
きんぽう木花館,鹿児島県,南さつま市,池辺,31.4654251,130.3455615,7858.01505206506,4730125743,False
小石原,福岡県,東峰村,大字小石原,33.46511246,130.8258086,7868.055533199446,5030165633,False
ななもり清見,岐阜県,高山市,八日町,36.1339762,137.166209699999,7913.694935602616,5437116312,False
大谷海岸,宮城県,気仙沼市,本吉町三島,38.8140093,141.5664822,7916.105207242886,,False
マキノ追坂峠,滋賀県,高島市,マキノ町小荒路,35.481102,136.0830386,7928.803983732127,,False
吉野路 大塔,奈良県,五條市,大塔町天辻,34.2142491,135.7329027,7945.504054945122,5135255841,False
明宝,岐阜県,郡上市,有穂,35.8447929,137.0284298,7947.158769336872,,False
津軽白神,青森県,西目屋村,大字田代字神田,40.577739,140.300462,7964.257279413549,6040629413,False
昆虫の里たびら,長崎県,平戸市,深月免,33.31770825,129.6031137,7967.421540826727,4929748811,False
雁の里せんなん,秋田県,横手市,金沢,39.3789953,140.5675681,7984.346071060123,,False
ふるさと豊田,長野県,中野市,大字永江三俣,36.8005161,138.322323999999,7996.25117805789,5538126522,False
あ・ら・伊達な道の駅,宮城県,大崎市,岩出山池月字下宮山口前,38.70744,140.833294,8025.277639836068,5840064643,False
うらほろ,北海道,浦幌町,北町３区,42.81399805,143.6636566,8030.887214760717,,False
米山,宮城県,登米市,西野字見通,38.6271176,141.1878908,8038.430282005977,,False
加治川,新潟県,新発田市,下西山,38.0023437,139.3724223,8085.419450023154,,False
湖畔の里福富,広島県,東広島市,久芳,34.5322334,132.7759856,8092.353847662664,5132663233,False
インフォメーションセンターかわもと,島根県,川本町,大字因原,34.9660004,132.4729896,8093.145217517835,5232335744,False
とうわ,岩手県,花巻市,安俵,39.3824368,141.2218949,8094.133428981869,5941015744,False
生月大橋,長崎県,平戸市,南免,33.3551861,129.4335547,8121.4567359307,5029032441,False
花の三聖苑伊豆松崎,静岡県,松崎町,明伏,34.7577828,138.8253994,8121.566333171325,5238160633,False
横綱の里ふくしま,北海道,福島町,字福島,41.479134,140.255731,8128.9586548335255,6240127014,False
清流茶屋 かわはら,鳥取県,鳥取市,河原町高福福和田,35.3931217,134.2029535,8137.148783441495,5334017611,False
ゆ〜ぱるのじり,宮崎県,小林市,三ケ野山小坂,31.9643837,131.0822805,8178.922711173341,4731705641,False
信州新町,長野県,長野市,信更町上尾,36.585417,138.052741999999,8239.726980662308,5438700411,False
朝日,新潟県,村上市,川端,38.2821299,139.5224236,8242.935068309242,,False
白尾ふれあいパーク,岐阜県,郡上市,中西,35.889671,136.891924,8259.843717399974,5336676134,False
しなの,長野県,信濃町,大字野尻,36.8182909,138.1901619,8266.582247483242,,False
かわさき,岩手県,一関市,薄衣,38.8986767,141.2723745,8278.20837793666,5841227144,False
むいかいち温泉,島根県,吉賀町,有飯,34.3529102,131.9438432,8319.237068181455,5131472523,False
みわ,茨城県,常陸大宮市,小舟,36.6558574,140.2800036,8334.634461754891,5440728232,False
たるみずはまびら,鹿児島県,垂水市,本城,31.468612500000038,130.6980572220001,8388.643277232874,4730156522,False
シーサイド高浜,福井県,高浜町,青戸,35.4890515714959,135.595496429361,8398.116460332756,,False
賤母,岐阜県,中津川市,山口,35.586112,137.550438799999,8404.509447621282,,False
南魚沼,新潟県,南魚沼市,下一日市,37.0030693,138.819214,8413.977096747845,,False
朝霧高原,静岡県,富士宮市,根原,35.4133187,138.5912918,8426.722878345905,,False
ひなの里かつうら,徳島県,勝浦町,大字中角,33.93219181,134.5228323,8428.483752237615,5034741144,False
オーロラタウン93りくべつ,北海道,陸別町,字鉄道,43.467863,143.742367,8430.53206337067,6543156912,False
いかりがせき,青森県,大鰐町,大字唐牛,40.4815576,140.6231652,8460.039406308084,6040547944,False
たまかわ,福島県,玉川村,大字小高,37.2228324,140.4181372,8465.225055244982,,False
くんま水車の里,静岡県,天竜区,熊市場,34.9608241,137.733227899999,8491.934190516347,5237355823,False
小松オアシス,愛媛県,西条市,小松町新屋敷,33.88368862,133.1076222,8501.523301282992,,False
太良,佐賀県,太良町,大字伊福湯牟田,33.0469887,130.1693594,8512.365643250992,,False
遊YOUさろん東城,広島県,庄原市,東城町川東,34.88967,133.2757124,8526.69278205551,5233226233,False
関川,新潟県,関川村,大字下関,38.091473,139.567001,8547.262347913202,5739140534,False
伊勢志摩,三重県,志摩市,磯部町穴川,34.3594609,136.7989126,8553.304966516002,,False
信州蔦木宿,長野県,富士見町,落合下蔦木,35.8632686,138.2769108,8554.676142460952,,False
みとみ,山梨県,山梨市,三富川浦,35.8625522,138.755249899999,8614.057212039297,,False
いくさかの郷,長野県,生坂村,上生坂,36.424168889000036,137.93138916700002,8618.56906889063,5437570443,False
つるた,青森県,鶴田町,大字鶴泊,40.7371457,140.4427046,8619.62958804678,6140038514,False
五木のやかた・かわうえ,岐阜県,中津川市,上野,35.602352,137.501864,8704.192051335072,5337342013,False
美濃白川,岐阜県,白川町,坂ノ東,35.6040087,137.173860699999,8711.264129500742,5337312324,False
たかのす,秋田県,北秋田市,材木町,40.251513,140.375856,8721.726362718038,6040330011,False
美杉,三重県,津市,美杉町上多気,34.5116756,136.306807199999,8725.159021590176,,False
しもべ,山梨県,身延町,古関,35.469985,138.512894,8740.33357785427,5338146113,False
但馬のまほろば,兵庫県,朝来市,山東町楽音寺,35.3113027,134.8701078,8750.05388137662,,False
ポート赤碕,鳥取県,琴浦町,別所朝日町,35.507059,133.6624616,8756.285711463182,5333250244,False
神話の里 白うさぎ,鳥取県,鳥取市,伏野,35.5255359,134.1143157,8761.13488137709,,False
おがわ,長野県,小川村,大字高府,36.6132998,137.990556299999,8789.616071871487,5437773931,False
フォーレなかかわね茶茗舘,静岡県,川根本町,徳山,35.0704474,138.1078277,8832.621240786611,,False
てしお,北海道,天塩町,天塩５丁目,44.8845722999999,141.747755099999,8834.231121007135,6741256922,False
大山恵みの里,鳥取県,大山町,名和新坪田,35.5046627,133.5020808,8836.344706923606,5333240031,False
きよかわ,大分県,豊後大野市,清川町砂田,32.9715626,131.5180108,8860.266592237125,4931346132,False
会津柳津,福島県,柳津町,大字柳津,37.527693,139.722175399999,8867.401975782186,5639253724,False
季の里天栄,福島県,天栄村,大字下松本字要谷,37.2436602999999,140.244785699999,8867.963459839912,5540619921,False
高松,石川県,かほく市,学園台５丁目,36.786301,136.724691,8889.126540694391,,False
不知火,熊本県,宇城市,永尾,32.6337057,130.6287109,8906.556235094768,,False
岩城,秋田県,由利本荘市,岩城内道川,39.5420844,140.052932999999,8937.606024912888,,False
国上,新潟県,燕市,新堀,37.6628849,138.8251803,8961.752393752009,,False
みくに,福井県,坂井市,山岸,36.1895672,136.1390707,8966.086324474762,,False
紀伊長島マンボウ,三重県,紀北町,東長島,34.2172444,136.3466595,9028.959477164814,5136226721,False
みのぶ・富士川観光センター,山梨県,身延町,下山仲町，竹下，大工,35.418592,138.437249,9034.73597989944,,False
シルクのまち かや,京都府,与謝野町,与謝金屋,35.4815585,135.0936255,9058.991847130184,5335107734,False
あらい,新潟県,妙高市,大字長森,37.0261176,138.2258864,9063.693908618963,,False
きなんせ岩美,鳥取県,岩美町,河崎日ノ出町,35.56741079,134.3259855,9068.070293685618,5334228611,False
富弘美術館,群馬県,みどり市,東町草木,36.5525594,139.372848699999,9069.90213543971,,False
みなみかた,宮城県,登米市,西山成前,38.66488,141.160641,9095.331543513683,,False
花の駅 千曲川,長野県,飯山市,大字常盤,36.8815106,138.3877614,9110.313572611252,,False
下賀茂温泉 湯の花,静岡県,南伊豆町,下賀茂,34.6497101,138.866579799999,9144.85165637838,5138767934,False
あさひまち,山形県,朝日町,大字和合沼向,38.32738812,140.1692573,9163.956590293148,5740319323,False
あいづ 湯川・会津坂下,福島県,湯川村,大字佐野目字宮前,37.5569993,139.8631361,9196.706019606043,,False
那須高原友愛の森,栃木県,那須町,大字高久甲,37.0415321,140.013703599999,9203.559456529734,,False
ロード銀山,島根県,大田市,久手町刺鹿,35.2220534,132.5140109,9220.24206017372,,False
こぶちさわ,山梨県,北杜市,小淵沢,35.8789005,138.3167144,9223.730470625958,,False
南きよさと,山梨県,北杜市,高根町長沢,35.8657383,138.4277858,9228.89132596126,,False
伊達の郷 りょうぜん,福島県,伊達市,霊山町下小国,37.766524,140.58845,9256.427492427101,5640541733,False
いっぷく処横川,静岡県,天竜区,横川横川,34.9054921,137.8720545,9285.056830592552,5237268942,False
銀の馬車道・神河,兵庫県,神河町,吉冨,35.091049,134.77821,9288.612786095777,5234560234,False
天竜相津 花桃の里,静岡県,天竜区,伊砂,34.911788,137.8150063,9293.60392169757,5237269513,False
あさご,兵庫県,朝来市,立脇,35.247009,134.803884,9331.215815273967,5234669432,False
伊万里,佐賀県,伊万里市,南波多町井手野,33.31361997,129.9289587,9358.42639442284,4929777432,False
宍喰温泉,徳島県,海陽町,大字久保,33.56906339,134.3072826,9362.882556349643,5034228423,False
浅虫温泉,青森県,青森市,大字浅虫字蛍谷,40.891692,140.86137,9453.254086685733,6140267822,False
中条,長野県,長野市,中条住良木,36.6037997,138.0161699,9464.583681269169,,False
杉の湯 川上,奈良県,川上村,大字迫,34.3370408,135.9548858,9473.037856067545,5135470614,False
みなとま〜れ寿都,北海道,寿都町,字大磯町,42.7955338,140.2318241,9483.545077957026,6440115823,False
鳥海,山形県,遊佐町,菅里西浜,39.060163,139.875583,9514.542129446683,,False
織姫の里なかのと,石川県,中能登町,最勝講,36.969954,136.904789,9533.695779455098,,False
みとう,山口県,美祢市,美東町大田,34.21818272,131.3439343,9556.11087170302,5131226721,False
明治の森・黒磯,栃木県,那須塩原市,青木,37.000375,139.984479,9594.327781479486,,False
くにの松原おおさき,鹿児島県,大崎町,神領,31.43781975,131.0307584,9600.230957529402,4731102232,False
伊勢本街道 御杖,奈良県,御杖村,大字神末敷津,34.5154032,136.2000809,9600.914382085379,5136611633,False
歓遊舎ひこさん,福岡県,添田町,大字野田,33.54902494,130.8599574,9620.247309686074,,False
のだ,岩手県,久慈市,宇部町,40.116105,141.818707,9620.926754477818,6041163534,False
醍醐の里,岡山県,真庭市,鹿田平,34.9910404,133.7255327,9648.08610255318,5233358833,False
あいお,山口県,山口市,秋穂東,34.0288046,131.4572464,9658.203672378131,5131033623,False
霊山たけやま,群馬県,中之条町,大字五反田,36.6089289,138.8297562,9701.888083030683,5438763612,False
美並,岐阜県,美濃市,上河和,35.6092047,136.9431417,9704.189223893658,5336373512,False
みずさわ,岩手県,奥州市,姉体町字林前,39.094217,141.181477,9714.593466445907,,False
宿場町ひらふく,兵庫県,佐用町,平福下町,35.0447889,134.3694431,9717.2992480629,5234425923,False
厳美渓,岩手県,一関市,厳美町字滝ノ上,38.9464394,141.0528845,9729.87198041251,5841303431,False
奥伊勢木つつ木館,三重県,大紀町,滝原,34.3675907,136.418877299999,9743.533031399536,5136434321,False
オアシスなんもく,群馬県,南牧村,大字小沢,36.1782734,138.741707899999,9746.533122480558,,False
飛騨金山ぬく森の里温泉,岐阜県,下呂市,金山諏訪町,35.6689112,137.1471787,9750.76883556547,5337410124,False
上野,群馬県,上野村,大字勝山,36.080532,138.784106,9761.815527095961,5438069241,False
加子母,岐阜県,中津川市,加子母,35.7087822,137.3747534,9768.225463459268,5337425922,False
よしかわ杜氏の郷,新潟県,上越市,柿崎区江島新田,37.2416518,138.3769706,9777.508983028345,5538639011,False
なんぶ,山梨県,南部町,中野,35.306755,138.446941,9790.04120822422,5238736544,False
越後川口,新潟県,長岡市,川口中山,37.2608955,138.8676387,9794.71611649883,5538761914,False
平泉,岩手県,平泉町,平泉字鈴沢,38.991816,141.121791,9800.078253396234,,False
てんのう,秋田県,潟上市,天王字棒沼台,39.8568152,140.0095627,9805.982323869232,5940602044,False
茶倉駅,三重県,松阪市,飯南町粥見,34.4603762,136.3982131,9818.83477819464,5136535124,False
みやこ,岩手県,宮古市,臨港通,39.6390181,141.9698939,9824.034951401192,,False
美山ふれあい広場,京都府,南丹市,平屋安掛,35.277121,135.588035,9829.444722729777,5235743713,False
蛍街道西ノ市,山口県,下関市,豊田町大字西市,34.1983964,131.0767314,9866.2702633879,5131203633,False
虹の森公園まつの,愛媛県,松野町,大字松丸,33.22978492,132.7094931,9887.19813097427,4932657642,False
あおがき,兵庫県,丹波市,青垣町田井縄,35.241267,135.0098438,9948.370475164313,5235608044,False
南房パラダイス,千葉県,館山市,布沼,34.9398785,139.8216178,9949.177005780308,,False
木曽川源流の里 きそむら,長野県,木祖村,大字菅,35.9307238,137.785829199999,9967.220505825919,5337761242,False
塩津海道あぢかまの里,滋賀県,長浜市,西浅井町塩津浜,35.5205935,136.162805,9973.717362842297,5336212313,False
和,京都府,京丹波町,本庄,35.2702495,135.3975594,9974.106927571045,5235732124,False
久米の里,岡山県,津山市,くめ,35.0560424,133.9228946,10015.64851634051,5233476342,False
西山ふるさと公苑,新潟県,柏崎市,西山町鬼王,37.4506748,138.6621316,10023.112541440365,5638154222,False
尾瀬かたしな,群馬県,片品村,大字鎌田,36.773231,139.225238,10046.174250677694,5539112833,False
知床・らうす,北海道,羅臼町,本町,44.0174537,145.1920893,10048.958688113597,6645012512,False
つど〜る・プラザ・さわら,北海道,森町,字砂原１丁目,42.1253109,140.6673361,10050.676441604866,6340155312,False
たくみの里,群馬県,みなかみ町,須川,36.6960799999999,138.9083498,10068.220732946545,5538073241,False
東山道伊王野,栃木県,那須町,大字睦家,36.9540486,140.157412,10074.655931247353,5540314223,False
川根温泉,静岡県,島田市,川根町笹間渡,34.9598856,138.089691099999,10141.579445905003,,False
みろく,香川県,さぬき市,大川町富田中,34.25819,134.2424659,10178.39917118766,5134310934,False
やよい,大分県,佐伯市,大字平井,32.96456913,131.8386843,10218.450835853804,4931365731,False
瑞穂の里・さらびき,京都府,京丹波町,大朴,35.1672997,135.3613852,10269.767627609996,,False
にしめ,秋田県,由利本荘市,西目町海士剥,39.36288,140.014564,10287.279504017913,,False
湯の香しおばら,栃木県,那須塩原市,関谷,36.9557969,139.8993301,10350.334029316073,5539374142,False
吉野路 黒滝,奈良県,黒滝村,大字長瀬,34.3059869,135.8228857,10352.73070645095,5135366542,False
飯高駅,三重県,松阪市,飯南町有間野,34.4275673,136.3319507,10363.913704617433,5136521623,False
しょうわ,秋田県,潟上市,昭和乱橋,39.864734,140.077799,10439.810817030528,5940603633,False
美里「佐俣の湯」,熊本県,美里町,佐俣,32.62359207,130.8227039,10475.840535871379,,False
さかきた,長野県,筑北村,坂北,36.4263776,138.012123699999,10476.589034955172,,False
ようか但馬蔵,兵庫県,養父市,高柳,35.393994,134.742487,10514.326825006861,5334057914,False
万葉の里,群馬県,神流町,大字黒田,36.1092423,138.897830099999,10562.613586969655,,False
本庄,島根県,松江市,野原町,35.518244,133.1365866,10598.954113225578,5333212022,False
鳳来三河三石,愛知県,新城市,上吉田,34.9025911,137.613393099999,10614.229761328763,5237248913,False
うなづき,富山県,黒部市,下立,36.8604263,137.541559199999,10635.077339444264,5537243312,False
石神の丘,岩手県,岩手町,大字子抱,39.968545,141.21381,10669.694248971418,5941716711,False
かわうその里すさき,高知県,須崎市,西町２丁目,33.3876602,133.2746768,10676.890502076232,5033026142,False
樋脇,鹿児島県,薩摩川内市,樋脇町塔之原,31.7964457,130.4073678,10743.720396966452,4730535241,False
厳木,佐賀県,唐津市,厳木町中島,33.3111192,130.071911,10744.427278950878,4930707524,False
しんあさひ風車村,滋賀県,高島市,新旭町藁園,35.3504496,136.0670325,10754.310444608825,,False
ろくのへ,青森県,六戸町,大字鶴喰,40.6064042,141.3247271,10766.936040045644,6041722544,False
仁保の郷,山口県,山口市,仁保中郷井開田西,34.2109098,131.5593634,10767.36354583642,5131245423,False
錦,熊本県,錦町,大字一武１６区,32.20586981,130.8451635,10770.57880241008,4830264741,False
なかせん,秋田県,大仙市,長戸呂,39.5385396,140.533182099999,10774.716541373784,5940244241,False
みなかみ水紀行館,群馬県,みなかみ町,湯原,36.7645152,138.96767,10783.527804792664,5538171732,False
しかおい,北海道,鹿追町,南町２丁目,43.0977132,142.990276399999,10796.521543872019,6442571931,False
松浦海のふるさと館,長崎県,松浦市,志佐町,33.3486836,129.7015151,10814.815415909243,5029051633,False
遠山郷,長野県,飯田市,南信濃,35.3213462,137.9309442,10850.175069594994,5237778432,False
鹿島,佐賀県,鹿島市,大字音成小宮道,33.07501638,130.1457472,10863.109691745934,4930419121,False
あぐりーむ昭和,群馬県,昭和村,大字橡久保,36.612775,139.0689353,10882.730786797063,,False
奈良井木曽の大橋,長野県,塩尻市,大字奈良井下城,35.965946,137.814405,10911.682874036516,5337765533,False
たかはた,山形県,高畠町,大字安久津緑町,38.006775,140.217442,10965.652097800936,5740010734,False
燕趙園,鳥取県,湯梨浜町,引地,35.4646909,133.8926402,10990.205845339187,,False
信濃路下條,長野県,飯田市,三穂下瀬,35.4171252,137.7942491,11027.969307543306,5337160321,False
上天草さんぱーる,熊本県,上天草市,上,32.57713806,130.4201417,11110.546610797808,4830639323,False
安達,福島県,二本松市,米沢字川原田,37.635666,140.483688,11111.161953276014,,False
湖北みずどりステーション,滋賀県,長浜市,湖北町尾上,35.4450126,136.190765,11126.793991329603,,False
さんのへ,青森県,三戸町,大字六日町,40.387808,141.2554758,11153.324310936518,6041426032,False
古今伝授の里やまと,岐阜県,郡上市,剣字下剣,35.8160909,136.901735,11188.894554749651,5336577233,False
上品の郷,宮城県,石巻市,小船越字舟形,38.501033,141.295318,11211.33805876659,5741620321,False
ラステンほらど,岐阜県,関市,洞戸菅谷,35.5963612,136.7982998,11212.778557200292,5336361342,False
若桜,鳥取県,若桜町,若桜下町,35.343886,134.400272,11214.178949934005,5334031213,False
川場田園プラザ,群馬県,川場村,大字立岩,36.6870421,139.107301099999,11230.307859245891,,False
ぎのざ,沖縄県,宜野座村,字漢那,26.473874,127.952328,11258.510788071833,3927576633,False
マルメロの駅ながと,長野県,長和町,古町,36.2729409,138.2575884,11290.77933106257,5438322043,False
ばんだい,福島県,磐梯町,大字磐梯,37.5628041,139.9866329,11305.302268013285,,False
うみんぴあ大飯,福井県,おおい町,尾内,35.4812687,135.6299804,11340.010977657565,5335157032,False
かつら,茨城県,城里町,大字御前山,36.5449685,140.3330587,11380.42647811652,5440625623,False
夢さんさん谷汲,岐阜県,揖斐川町,谷汲名礼,35.5314813,136.585563699999,11424.81358634696,,False
ふれあいパークみの,香川県,三豊市,三野町大見,34.2263483,133.7228554,11457.685305032664,5133257722,False
ローズマリー公園,千葉県,南房総市,白子,35.0087388,139.975265499999,11470.973338373262,5239471811,False
はしかみ,青森県,八戸市,大字金浜字荒屋敷久保,40.4584959,141.6084329,11513.54214090253,6041545821,False
かみゆうべつ温泉チューリップの湯,北海道,湧別町,中湧別東町,44.1851816,143.5956986,11517.925373897308,6643242721,False
おうむ,北海道,雄武町,本町,44.5830367,142.9597327,11565.628516481098,6642679644,False
うみてらす名立,新潟県,上越市,名立区名立大町,37.163533,138.0866912,11580.702430937466,5538509642,False
奥永源寺渓流の里,滋賀県,東近江市,蓼畑町,35.105711,136.371792,11644.013922897206,5236522941,False
みょうぎ,群馬県,富岡市,妙義町妙義,36.2996438,138.765967,11682.249273385882,5438365134,False
ふれあいパーク・きみつ,千葉県,君津市,笹,35.198557,140.069545,11701.324271440875,,False
日義木曽駒高原,長野県,木曽町,新開,35.8664703,137.7400334,11713.201290604462,5337653933,False
田切の里,長野県,飯島町,田切,35.691023,137.939944,11736.337412508221,5337472533,False
庄内みかわ,山形県,三川町,大字横山字城下,38.7828046,139.8463299,11766.483391060141,5839163743,False
桃山天下市,佐賀県,唐津市,鎮西町名護屋,33.5285331,129.8731411,11770.854245681594,5029263924,False
中山盆地,群馬県,高山村,大字中山,36.6224975,138.954256699999,11849.813540602627,,False
ノンキーランド ひがしもこと,北海道,大空町,東藻琴北２区,43.845319,144.294951,11909.139547259694,6544621323,False
かまえ,大分県,佐伯市,大字蒲江浦,32.8017723,131.9243176,11916.26677162944,4931176322,False
とぎ海街道,石川県,志賀町,富来領家町,37.140177,136.724883,11917.164491216894,,False
那須与一の郷,栃木県,大田原市,南金丸,36.8630177,140.0873784,11934.849265342522,5540203642,False
どんぐりの里 いなぶ,愛知県,豊田市,桑原町,35.2139047729337,137.503069357672,11944.035479975326,5237645031,False
やぶ,兵庫県,養父市,大塚,35.3824214,134.8159142,11951.937515302729,,False
YOU･遊･もり,北海道,森町,字上台町,42.098901,140.568716,11979.677240492176,,False
どんぶり館,愛媛県,西予市,宇和町卯之町５丁目,33.3549772,132.5271357,11988.53429000377,5032042231,False
湧水の郷しおや,栃木県,日光市,塩野室町,36.7646574,139.781406899999,11992.98760973147,5539161243,False
みなべうめ振興館,和歌山県,みなべ町,谷口,33.7906972,135.3270776,11999.755584159408,5035524633,False
おばあちゃん市・山岡,岐阜県,瑞浪市,陶町水上,35.3282547,137.3064444,12000.18203147804,5237729423,False
あかばねロコステーション,愛知県,田原市,赤羽根町,34.6077776,137.1893809,12057.008156171603,5137712533,False
くらぶち小栗の里,群馬県,高崎市,倉渕町三ノ倉,36.4245108,138.7931396,12070.114278731311,5438560334,False
津田の松原,香川県,さぬき市,津田町鶴羽,34.2852705,134.2532485,12106.58259683948,5134324012,False
鴨川オーシャンパーク,千葉県,鴨川市,江見太夫崎,35.0638015,140.077089099999,12111.39976386466,5240407631,False
やまだ,岩手県,山田町,船越第９地割,39.4369048,141.973205,12115.199051928998,5941172724,False
但馬楽座,兵庫県,養父市,上野東上野,35.3793183,134.7839118,12117.876199391383,,False
たちばな,福岡県,八女市,立花町下辺春,33.18744243,130.6104152,12135.615227560938,4930642842,False
大滝温泉,埼玉県,秩父市,大滝字神岡,35.9503803,138.9381995,12172.995880491066,5338774511,False
喜入,鹿児島県,鹿児島市,喜入町,31.378962,130.545172,12195.048521848448,4730045323,False
信州新野千石平,長野県,阿南町,大字新野,35.257481,137.745387,12203.376400524925,5237750943,False
くつき新本陣,滋賀県,高島市,朽木市場,35.3510891,135.9156479,12203.952862279373,5335072312,False
はくしゅう,山梨県,北杜市,白州町台ケ原,35.8103246,138.3306551,12259.52226230407,5338527612,False
スプリングスひよし,京都府,南丹市,世木中,35.1524243822895,135.517810225409,12285.463695715143,,False
日和佐,徳島県,美波町,奥河内字寺前,33.7302896,134.5302471,12295.82126197372,5034447232,False
しろいし,佐賀県,白石町,大字福富東区,33.176871,130.196458,12351.890345058564,4930611521,False
ハウスヤルビ奈井江,北海道,奈井江町,字奈井江町北町,43.4332722,141.888801599999,12370.265232835713,6541171133,False
おがわら湖,青森県,東北町,旭南一丁目,40.728039,141.274961,12402.08751295767,6141027124,False
むなかた,福岡県,宗像市,牟田尻,33.8484732,130.503451,12412.24009108364,5030641034,False
舞ロードIC千代田,広島県,北広島町,古保利,34.6745412,132.5412326,12432.220443251581,5232040334,False
まつだいふるさと会館,新潟県,十日町市,松代,37.1326116,138.6138286,12435.437170434547,5538545933,False
おが,秋田県,男鹿市,船川港船川字新浜町,39.88194527800005,139.84833500000002,12473.00645100095,5939665744,False
女神の里 たてしな,長野県,立科町,大字芦田野方,36.276288,138.331675,12510.407984116291,,False
甲斐大和,山梨県,甲州市,鶴瀬,35.6359342,138.7927141,12552.553160821546,,False
つくで手作り村,愛知県,新城市,作手清岳北畑,34.9631966,137.420692,12560.702633184399,5237335341,False
おおゆ,秋田県,鹿角市,十和田山根,40.295831,140.82593,12567.653491893872,6040365613,False
奥大井音戯の郷,静岡県,川根本町,東藤川,35.1084211207701,138.136841685983,12583.372444677127,5238513022,False
そばの郷 らっせぃみさと,岐阜県,恵那市,三郷町佐々良木,35.4057084,137.358747399999,12633.523128169381,5337028841,False
たのうら,熊本県,芦北町,田浦町,32.36456725,130.5124497,12638.160782501196,4830443042,False
笠岡ベイファーム,岡山県,笠岡市,カブト南町,34.473317,133.500244,12677.041028583453,5133546033,False
広見森の三角ぼうし,愛媛県,鬼北町,大字永野市,33.25385686,132.6871266,12735.545462369666,4932750424,False
常陸大宮,茨城県,常陸大宮市,岩崎,36.5969609,140.4096155,12755.696112951544,,False
大芝高原,長野県,南箕輪村,大芝,35.88666750000005,137.94389,12803.531856908632,,False
南アルプスむら長谷,長野県,伊那市,勝間,35.809814,138.0837089,12824.526963609836,5338507621,False
たけゆらの里おおたき,千葉県,大多喜町,石神,35.254825,140.258616,12868.640050378874,,False
平成,岐阜県,関市,下之保,35.552245,136.997291799999,12876.868500512304,5336276924,False
釜石仙人峠,岩手県,釜石市,甲子町第５地割,39.25363306,141.7816824,12878.564543049997,5841760223,False
おのこ,群馬県,渋川市,祖母島,36.5481138,138.952806199999,12893.156919760682,5438675633,False
なち,和歌山県,那智勝浦町,大字浜ノ宮,33.6443666,135.9366721,12932.93873771439,5035377424,False
川俣,福島県,川俣町,大字鶴沢字東,37.6678183,140.5766931,12939.587599265005,5640440611,False
草津運動茶屋公園,群馬県,草津町,大字草津,36.614528,138.590048,12944.327130794562,5438743731,False
雨晴,富山県,高岡市,太田太田渋谷,36.814906,137.041623,12952.470455204822,5537107334,False
寒河江,山形県,寒河江市,字夕カヘ,38.399013,140.269891,12971.200170724263,,False
石鳥谷,岩手県,花巻市,中寺林第５地割,39.4832705,141.142136899999,12972.465390200106,5941117134,False
大和,佐賀県,佐賀市,大和町大字八反原,33.3390166,130.2578278,12996.883558600628,5030020041,False
あやま,三重県,伊賀市,湯舟,34.8445672,136.1709955,13022.734294878928,,False
FARMUS 木島平,長野県,飯山市,大字野坂田,36.8521479,138.388223,13023.624336694731,,False
やす,高知県,香南市,千切,33.5341373,133.7538524,13085.558512920261,5033264012,False
ステラ★ほんべつ,北海道,本別町,山手町,43.1256342,143.6132503,13104.971907607563,6443545911,False
月夜野矢瀬親水公園,群馬県,みなかみ町,月夜野,36.6976003,138.9812566,13125.18770418907,5538073841,False
明恵ふるさと館,和歌山県,有田川町,大字中井原,34.0540787,135.2628951,13163.308934210148,5135026113,False
山中温泉 ゆけむり健康村,石川県,加賀市,山中温泉こおろぎ町,36.2377003,136.3675157,13181.455436368851,5436228932,False
いが,三重県,伊賀市,柘植町,34.8371363,136.2534017,13182.445840349445,5236220014,False
ばとう,栃木県,那珂川町,北向田,36.7476018,140.1498715,13183.271376588244,5540019142,False
ロック・ガーデン ひちそう,岐阜県,七宗町,中麻生,35.533911,137.11445,13204.409209890997,5337204911,False
くろほね・やまびこ,群馬県,桐生市,黒保根町八木原,36.491184,139.2719912,13224.478036638144,,False
みずなし本陣ふかえ,長崎県,島原市,南安徳町,32.73970208,130.3675809,13228.206621309879,4930028934,False
にしあいづ,福島県,西会津町,野沢,37.5858675,139.642595199999,13256.64501200219,5639350114,False
倶利伽羅 源平の郷,石川県,津幡町,字竹橋,36.662745,136.768516,13266.79758072617,5436769132,False
みつ,兵庫県,たつの市,御津町岩見,34.7798988,134.5232452,13275.413057838683,,False
白浜野島崎,千葉県,南房総市,白浜町滝口,34.9062489,139.877387399999,13311.726415266106,5239278031,False
ちくら・潮風王国,千葉県,南房総市,千倉町千田,34.9299008,139.9520926,13319.647632041651,5239371631,False
とっとパーク小島,大阪府,岬町,多奈川小島,34.3151101,135.0999192,13347.980710495567,,False
おおつの里,千葉県,南房総市,富浦町手取,35.0577165,139.8603645,13351.363957652844,5239466844,False
長崎街道鈴田峠,長崎県,大村市,中里町,32.8853776,130.0074643,13364.44127077189,4930206021,False
みたら室蘭,北海道,室蘭市,祝津町４丁目,42.342012,140.943745,13377.457535303642,6340471512,False
丹波おばあちゃんの里,兵庫県,丹波市,春日町七日市,35.1663913,135.1167249,13388.397247745075,,False
みそぎの郷 きこない,北海道,木古内町,字本町,41.6780521,140.4353634,13416.220229506067,6240431424,False
きくすい,熊本県,和水町,大字江田馬場,32.97335053,130.6023182,13424.675603135394,4930346833,False
おおむた,福岡県,大牟田市,四箇新町２丁目,33.0732475,130.5321905,13466.779021564374,4930448243,False
吉野ヶ里,佐賀県,吉野ヶ里町,松隈松隈,33.3804956,130.3973146,13543.030178060777,,False
熊野・花の窟,三重県,熊野市,有馬町,33.878939,136.092541,13545.20779624131,5036605714,False
安曇野松川,長野県,松川村,細野,36.396278,137.867643,13581.010806972688,5437467932,False
すずなり,石川県,珠洲市,飯田町,37.441561,137.269964,13592.422701922118,5637122143,False
おおうち,秋田県,由利本荘市,岩谷町字西野,39.4428837,140.0901559,13626.738364901865,5940103711,False
芦北でこぽん,熊本県,芦北町,佐敷,32.302882,130.508036,13708.696030034062,4830346023,False
旭志,熊本県,菊池市,伊坂,32.9312589,130.8302719,13730.15857003415,,False
花の里いいじま,長野県,飯島町,七久保,35.6620051,137.9100456,13734.136126999378,5337379224,False
もてぎ,栃木県,茂木町,大字茂木,36.5278259,140.1728576,13771.466413989463,5440613324,False
竜北,熊本県,氷川町,高塚,32.5767711,130.6947352,13833.2749389447,4830659521,False
湯の川,島根県,松江市,宍道町伊志見,35.3956721,132.8692971,13866.725757430502,5332067923,False
美良布,高知県,香美市,美良布,33.6481473,133.7824983,13919.444434186807,5033367243,False
おこっぺ,北海道,興部町,字興部仲町,44.469498,143.116955,13946.494990645519,6643506914,False
コスモール大樹,北海道,大樹町,一条通,42.489824,143.273259,13946.551059438605,6343528144,False
香春,福岡県,香春町,大字鏡山,33.6765903,130.8599817,13954.696324402244,,False
うきは,福岡県,うきは市,大字山北,33.33401533,130.8181663,13969.61738785162,5030060512,False
ひない,秋田県,大館市,扇田,40.219348,140.585214,14040.917118620277,6040246624,False
通潤橋,熊本県,山都町,大字下市,32.681489,130.9916631,14060.756302327522,4930071934,False
おおえ,山形県,大江町,大字藤田,38.367756,140.213291,14094.765214866029,5740414711,False
あいの土山,滋賀県,甲賀市,南土山,34.9277903,136.2956751,14098.726142040208,5236321323,False
たばやま,山梨県,丹波山村,下組,35.78926,138.923819,14139.116633719841,5338574342,False
花街道付知,岐阜県,中津川市,田瀬,35.6426846,137.4415533,14146.219890786491,5337337512,False
あおき,長野県,青木村,大字夫神細谷,36.372865,138.140884,14196.085832604022,,False
一乗谷あさくら水の駅,福井県,福井市,安波賀中島町,36.020564,136.29458,14229.65103341355,5436022323,False
厚岸グルメパーク,北海道,厚岸町,住の江２丁目,43.0576697,144.844018399999,14237.740011619153,6444466743,False
潮見坂,静岡県,湖西市,白須賀,34.6772824,137.499226799999,14239.982019148667,,False
播磨いちのみや,兵庫県,宍粟市,須行名,35.0885182,134.5882082,14248.290635626543,5234540731,False
豊栄,新潟県,北区,浦ノ入,37.957911,139.22301,14250.444750250666,5639714744,False
広瀬・富田城,島根県,安来市,広瀬町町帳,35.3683383,133.1806139,14288.452129777552,5333014412,False
水辺プラザかもと,熊本県,菊池市,台,32.9871618,130.7559,14294.828737013699,4930368014,False
あらエッサ,島根県,安来市,中海町,35.4095485,133.3124056,14539.29550798744,5333029422,False
北欧の風 道の駅とうべつ,北海道,当別町,当別太,43.177254,141.448498,14551.458276015112,,False
田野駅屋,高知県,田野町,北町,33.43015487,134.0078394,14653.340883297247,5034101041,False
みなまた,熊本県,水俣市,港町３丁目,32.19916882,130.3817017,14676.58223871491,4830233043,False
ひろさき,青森県,平川市,大字岩館,40.5547520999999,140.5487947,14680.05614590398,6040646342,False
伊吹の里,滋賀県,米原市,小田,35.3968414,136.3709852,14691.22135548909,5336027941,False
くちくまの,和歌山県,上富田町,岩崎,33.69142499,135.4145694,14747.438522655222,5035432333,False
河北,山形県,東根市,大字藤助新田,38.41304,140.328447,14756.237631789718,,False
いなかだて,青森県,田舎館村,大字高樋,40.6336188999999,140.577685999999,14768.078261115026,6040746611,False
高千穂,宮崎県,高千穂町,大字三田井,32.7084429,131.3004346,14788.130717175363,,False
むらやま,山形県,村山市,楯岡新高田,38.4871462,140.3823105,14802.408061885513,,False
宇陀路室生,奈良県,宇陀市,大字三本松,34.5765439,136.0342371,14842.926996720025,5136609221,False
公方の郷なかがわ,徳島県,阿南市,那賀川町,33.9529323,134.6678143,14849.438458971637,5034754314,False
七城メロンドーム,熊本県,菊池市,岡田,32.9799358,130.7703282,14945.333172637202,,False
箱根峠,神奈川県,箱根町,箱根,35.1867643,139.0156098,14972.415020784494,,False
高岡,宮崎県,宮崎市,花見宮水流（穆佐）,31.9457372,131.3405553,14989.492159223515,4731723713,False
白沢,群馬県,沼田市,白沢町平出,36.6616976,139.120031299999,15006.489212204438,5439709923,False
奥久慈だいご,茨城県,大子町,大字北田気,36.7685851,140.3592347,15012.165264997782,5540122821,False
なかつ,大分県,中津市,大字加来,33.5516096,131.2141064,15034.962740695291,,False
京丹波 味夢の里,京都府,京丹波町,須知,35.149554,135.426755,15090.079223610608,5235537433,False
こすげ,山梨県,丹波山村,保之瀬下,35.75396,138.949946,15164.395682248827,,False
童話の里 くす,大分県,玖珠町,大字帆足,33.2893373,131.1569324,15174.137289463339,4931714241,False
おおすみ弥五郎伝説の里,鹿児島県,曽於市,大隅町岩川,31.5931188,130.991067,15177.245672940497,,False
みやま公園,岡山県,玉野市,田井２丁目,34.520201,133.926904,15178.172467073686,,False
風のマルシェ 御前崎,静岡県,御前崎市,門屋七ツ山,34.640677,138.110751,15203.457591667011,,False
禅の里,福井県,永平寺町,清水,36.0800489,136.3986545,15207.901099193925,5436039142,False
南国風良里,高知県,南国市,領石,33.6112003,133.6421517,15215.636673660487,5033353114,False
玉露の里,静岡県,藤枝市,岡部町殿,34.9507285,138.251557899999,15224.623515772706,5238324011,False
奥伊勢おおだい,三重県,大紀町,船木,34.3938706,136.4085972,15239.183000750138,5136437223,False
みまの里,徳島県,つるぎ町,貞光字馬出,34.050557222000066,134.05889000000002,15244.420444793304,5134006421,False
天空の郷さんさん,愛媛県,久万高原町,久万,33.6611355,132.8987127,15319.512174891091,5032379124,False
小坂田公園,長野県,塩尻市,大字柿沢町区,36.1063465999999,137.988190799999,15400.571600533696,,False
潮彩市場防府,山口県,防府市,新築地町,34.0380706,131.5976786,15420.73708344596,,False
みまき,長野県,東御市,布下西田,36.3347839,138.3595655,15446.626998518705,,False
つの,宮崎県,都農町,大字川北北町,32.2603007,131.5580347,15447.021490166238,4831341421,False
山内,佐賀県,武雄市,大字三間坂,33.1917813,129.9561607,15463.154623702958,,False
とみざわ,山梨県,南部町,福士中央,35.2417855,138.4850509,15474.00994083696,,False
R290とちお,新潟県,長岡市,栃尾宮沢,37.4595997,139.0072657,15474.38420747124,5639105021,False
花夢里にいつ,新潟県,秋葉区,川根,37.7925908,139.078895,15557.873354358755,,False
原鶴,福岡県,朝倉市,杷木久喜宮,33.35376454,130.7846775,15565.587312117737,5030062224,False
むかわ四季の館,北海道,むかわ町,美幸３丁目,42.5739733,141.925464299999,15609.827956902593,6341678433,False
しもにた,群馬県,下仁田町,大字白山,36.2240358,138.8020175,15621.5801980185,5438266433,False
たまつくり,茨城県,行方市,甲字高須,36.0963942,140.4037633,15718.904299517157,5440131232,False
あしょろ銀河ホール21,北海道,足寄町,北一条１丁目,43.244332,143.546455,15736.734345289291,6443649323,False
たきかわ,北海道,滝川市,江部乙町東１１丁目,43.6234396,141.941477999999,15808.404731195455,6541374534,False
しらやまさん,石川県,白山市,鶴来今町,36.436858,136.630472999999,15819.772212575699,,False
うご,秋田県,羽後町,西馬音内,39.200532,140.412438,15892.897580827766,5840634222,False
富楽里とみやま,千葉県,南房総市,検儀谷,35.1005082,139.8556137,15908.924592435298,5239562812,False
きくがわ,山口県,下関市,菊川町大字下岡枝,34.1262472,131.0316891,15935.226666468378,5131105221,False
阿蘇,熊本県,阿蘇市,黒川東黒川,32.9370344,131.0809168,15996.042487771445,4931302614,False
山川港活お海道,鹿児島県,指宿市,町,31.2030165,130.6349136,16052.96999469322,4630654024,False
掛川,静岡県,掛川市,八坂,34.7942015,138.076063999999,16057.951182137545,,False
もっくる新城,愛知県,新城市,八束穂,34.91757,137.5337,16059.23151671148,,False
貞光ゆうゆう館,徳島県,つるぎ町,貞光字大須賀,34.042626,134.0600296,16115.084086882936,5134005422,False
志野・織部,岐阜県,土岐市,泉北山町３丁目,35.3941426,137.188130799999,16143.043909001597,5337017513,False
サラブレッドロード新冠,北海道,新冠町,字本町,42.3598362,142.315690799999,16243.144027610286,6342423512,False
メルヘンおやべ,富山県,小矢部市,西中野,36.6894706,136.8766877,16246.69533563726,5536072031,False
あなみず,石川県,穴水町,字大町,37.2283748,136.9056837,16254.411807986246,5536677214,False
アルプ飛騨古川,岐阜県,高山市,国府町宇津江,36.220446,137.192351,16265.334109977013,5437216514,False
どうし,山梨県,道志村,東神地,35.503387,138.989848,16315.989541982985,5338270913,False
きらら あじす,山口県,山口市,阿知須小古郷,34.0128549,131.3695613,16316.563820722202,,False
ちぢみの里おぢや,新潟県,小千谷市,大字稗生津山町,37.305143,138.822908,16320.828666972799,5538766542,False
クロスロードみつぎ,広島県,尾道市,御調町神,34.5115157,133.1446622,16341.07965919365,5133611123,False
三芳村,千葉県,南房総市,川田,35.0341006,139.8948453,16361.308153323736,5239474121,False
両神温泉薬師の湯,埼玉県,小鹿野町,両神薄下大平戸,36.0047724,138.970964399999,16364.745752290475,5438070741,False
おおさと,宮城県,大郷町,粕川字後沢田畑,38.424053,140.992791,16509.01765519386,5740570934,False
第九の里,徳島県,鳴門市,大麻町桧,34.1638897,134.4988142,16546.308188494597,5134139942,False
上州おにし,群馬県,藤岡市,譲原,36.1430927,139.0403486,16592.070387515978,5439107311,False
ほっとぱ〜く・浅科,長野県,佐久市,甲上原,36.2575102,138.404306799999,16599.071802782222,5438330234,False
ころ柿の里しか,石川県,志賀町,末吉,37.0068731,136.780021,16618.698243605984,5536460234,False
北信州やまのうち,長野県,山ノ内町,大字佐野,36.7413505,138.404622099999,16692.775704724067,5538038234,False
くりもと,千葉県,香取市,沢,35.805852,140.4699424,16729.863804678953,,False
サシバの里いちかい,栃木県,市貝町,大字市塙,36.543766,140.10118,16775.50156380686,5440605811,False
東近江市あいとうマーガレットステーション,滋賀県,東近江市,下中野町,35.1097186,136.2587666,16801.157285831192,,False
のと千里浜,石川県,羽咋市,千里浜町,36.886027,136.768455,16851.443728898103,5536266114,False
彩菜茶屋,岡山県,美作市,明見東２,35.014721,134.1508967,17005.998423630535,5234411233,False
和田浦 WA・O！,千葉県,南房総市,和田町仁我浦,35.042582,140.02057,17060.124293026765,5240405121,False
しんぐう,兵庫県,たつの市,新宮町芝田,34.9221217,134.5370837,17122.939626209845,5234340242,False
庭園の郷 保内,新潟県,三条市,下保内,37.647125,139.026294,17137.29480335512,5639307231,False
ゆのたに,新潟県,魚沼市,吉田,37.2238403,138.9830342,17215.17640967628,,False
近江母の郷,滋賀県,米原市,宇賀野,35.3432724,136.2777302,17235.397280265213,,False
ひがしかわ「道草館」,北海道,東川町,南町１丁目,43.6973051,142.5088143,17239.57290674721,6542443041,False
雷電くるみの里,長野県,東御市,滋野中屋敷,36.3557148,138.373897299999,17333.551776979322,,False
今井 恵みの里,長野県,松本市,大字今井,36.148281,137.902754299999,17342.425915879598,,False
パーク七里御浜,三重県,御浜町,大字阿田和,33.8035647,136.0431051,17368.31628203012,5036506314,False
こまつ木場潟,石川県,小松市,三谷町,36.3700059,136.4623598,17467.259106918133,,False
わっかない,北海道,稚内市,中央２丁目,45.41725,141.677348,17552.475326936757,6841150411,False
京都新光悦村,京都府,南丹市,桐ノ庄千妻,35.123886,135.482213,17565.254348579787,,False
ウッディー京北,京都府,右京区,周山神明,35.1558354,135.633108,17633.89296039022,5235558041,False
小国,熊本県,小国町,大字宮原,33.123101,131.0646886,17699.985306614228,4931504533,False
きょなん,千葉県,鋸南町,吉浜,35.1279707,139.8371002,17721.818336010758,5239565624,False
くしがきの里,和歌山県,かつらぎ町,大字滝,34.31829,135.477346,17739.87561681755,5135338811,False
山北,神奈川県,山北町,湯触,35.3798757,139.0314839,17754.09283277568,5339005241,False
多古,千葉県,多古町,多古,35.7312831,140.4752846,17780.310794018482,5340437831,False
ひたちおおた,茨城県,常陸太田市,谷河原町,36.5103878,140.5254761,17849.099169756497,,False
ましこ,栃木県,益子町,大字長堤,36.431168,140.071976,17858.32286705912,5440501542,False
いたこ,茨城県,潮来市,延方西,35.9461322,140.589244799999,17947.692691004522,,False
福光,富山県,南砺市,中ノ江,36.5664199,136.861891799999,17990.146748928863,5436667844,False
あらかわ,埼玉県,秩父市,荒川日野,35.9544145,139.012633599999,17996.67226226397,5339704131,False
きつれがわ,栃木県,さくら市,喜連川,36.7154994,140.0326363,18138.20464927022,5540005243,False
なみおか,青森県,青森市,浪岡大字杉沢字福田,40.7179284,140.579519,18235.825479899362,6140046612,False
村田,宮城県,村田町,大字村田字塩内,38.118639,140.717279,18238.01767954643,5740154712,False
清流の里しろとり,岐阜県,郡上市,為真,35.881564,136.854767,18284.73971001032,5336665834,False
花かげの郷まきおか,山梨県,山梨市,牧丘町室伏室伏,35.7544617,138.718367899999,18321.654282743326,,False
パークイン丹生ヶ丘,福井県,越前町,朝日,35.969483,136.119514,18421.15621953615,5336706923,False
おおとう桜街道,福岡県,大任町,大字今任原向田,33.626154,130.8451701,18562.704137870423,,False
つどいの郷むつざわ,千葉県,睦沢町,上之郷,35.352183,140.3036799,18599.247375870687,,False
みしょうMIC,愛媛県,愛南町,御荘平城,32.9587802,132.561599,18615.98026840609,4932345422,False
発酵の里こうざき,千葉県,神崎町,松崎,35.90023,140.3797,18679.83090557375,,False
にらさき,山梨県,北杜市,明野町小笠原小笠原,35.7484117,138.4385896,18788.802833047244,5338439533,False
山田錦発祥のまち・多可,兵庫県,多可町,中区天田,35.0590116,134.9187617,18793.606118248314,5234477321,False
紀の川万葉の里,和歌山県,かつらぎ町,大字島,34.28451,135.464531,18798.763821501754,5135334711,False
池田,長野県,池田町,大字会染和合,36.3970744,137.8846375,18829.49962145861,5437477042,False
ほっと?はぼろ,北海道,羽幌町,北四条１丁目,44.3673322,141.7065768,18870.106656836153,6641454621,False
はなわ,福島県,塙町,大字塙字本町,36.9506187,140.4145197,18892.561128849942,5540334311,False
なるさわ,山梨県,鳴沢村,大田和,35.480152,138.698504,18989.3340128577,5338157542,False
伊東マリンタウン,静岡県,伊東市,湯川４丁目,34.9846432,139.094386,18992.081664733654,,False
開国下田みなと,静岡県,下田市,武が浜,34.6748202,138.9508766,19020.78416379623,,False
宇津ノ谷峠,静岡県,藤枝市,岡部町岡部,34.92545,138.300822,19067.290920613377,5238321411,False
豊前おこしかけ,福岡県,豊前市,大字松江,33.6141375,131.1008813,19077.648289329307,5031303831,False
しんよしとみ,福岡県,上毛町,大字大ノ瀬,33.58871601,131.1543082,19098.345879096425,,False
スタープラザ 芦別,北海道,芦別市,北四条東,43.5255178,142.188894099999,19239.905017809557,6542213511,False
きりら坂下,岐阜県,中津川市,坂下,35.5704301,137.534574,19276.13076240801,,False
たからべ,宮崎県,都城市,蓑原町,31.7287045,130.9987033,19279.295809502408,4730477924,False
桜島,鹿児島県,鹿児島市,桜島横山町,31.5893744,130.5988039,19331.510646099483,4730340742,False
藍ランドうだつ,徳島県,美馬市,脇町大字脇町,34.06697457,134.1465136,19415.423603031464,5134018121,False
三本木,宮城県,大崎市,三本木字廻山,38.521611,140.938388,19472.05260451547,5740672531,False
萩しーまーと,山口県,萩市,大字椿東香川津の１,34.42624582,131.4146209,19481.119053341725,5131531311,False
くるら戸田,静岡県,沼津市,戸田,34.9713,138.7868,19532.417950985153,5238366242,False
いとだ,福岡県,糸田町,鼡ケ池,33.64191221,130.7646945,19655.23549491319,5030367111,False
こんぜの里りっとう,滋賀県,栗東市,観音寺,34.9683823,136.0391198,19700.99789387747,,False
根来さくらの里,大阪府,泉南市,信達楠畑,34.3118642,135.3069985,19715.515476309265,,False
針Ｔ・Ｒ・Ｓ,奈良県,奈良市,針町,34.610429,135.963208,19729.972697151603,,False
舞鶴港とれとれセンター,京都府,舞鶴市,四所第四埠頭,35.450349,135.3145072,19783.333279731596,5335124511,False
お茶の京都 みなみやましろ村,京都府,南山城村,大字北大河原月ケ瀬ニュータウン,34.765472,136.024007,19890.473023332517,5236101144,False
アルプス安曇野 ほりがねの里,長野県,安曇野市,堀金烏川上堀,36.2934956,137.877719999999,19892.59136455152,,False
ぐりーんふらわー牧場・大胡,群馬県,前橋市,滝窪町,36.4590603,139.136429,19949.903776966752,5439515022,False
北はりまエコミュージアム,兵庫県,西脇市,寺内,35.007794,134.987129,20029.72825480919,5234470844,False
上田 道と川の駅,長野県,上田市,下之条,36.407122,138.205586,20257.529462509738,,False
かつらぎ西,和歌山県,かつらぎ町,大字笠田東,34.2977409,135.4738277,20357.014866623274,5135335742,False
丹波マーケス,京都府,京丹波町,須知,35.154813,135.4287046,20376.824285971386,,False
オライはすぬま,千葉県,山武市,ハ,35.6017957,140.5015935,20413.86278809769,,False
彼杵の荘,長崎県,東彼杵町,彼杵宿郷,33.0358508,129.9199353,20586.94236836028,4929474323,False
せせらぎの里こうら,滋賀県,甲良町,大字金屋,35.2018443,136.2755566,20715.11096784971,5236624211,False
うしぶか海彩館,熊本県,天草市,牛深町岡一,32.193836,130.026968,20759.773592118192,4830203213,False
宙ドーム・神岡,岐阜県,飛騨市,神岡町江馬町,36.3290175,137.3071895,20795.464614896842,5437329423,False
吉野路 大淀ｉセンター,奈良県,大淀町,大字畑屋,34.4122094,135.7969172,21056.333467371478,5135469324,False
ゆうひパーク浜田,島根県,浜田市,瀬戸見町,34.8890254,132.0712455,21088.090984349914,5232206541,False
ソレーネ周南,山口県,周南市,大字戸田,34.07489931,131.6882042,21102.73428079945,5131058533,False
ヘルシーテラス佐久南,長野県,佐久市,桜井,36.236692,138.440822,21201.850871795836,5438238514,False
庄川,富山県,砺波市,庄川町示野,36.5743326,136.9799087,21208.50399155292,5436678834,False
津かわげ,三重県,津市,河芸町北黒田,34.7967069,136.5179906,21247.59978610664,,False
はが,栃木県,芳賀町,大字上延生,36.5523813,140.0581962,21364.250211624872,5440606423,False
はが,栃木県,芳賀町,大字上延生,36.5523813,140.0581962,21364.250211624872,5440606423,False
龍勢会館,埼玉県,秩父市,下吉田,36.0490086,139.0401091,21391.35545235967,5439005333,False
すばしり,静岡県,小山町,須走（ひばりが丘）,35.3627022,138.858767299999,21413.73451430565,,False
若狭おばま,福井県,小浜市,府中,35.4919688,135.7630954,21490.938157270342,,False
米沢,山形県,米沢市,大字川井,37.922055,140.137017,21652.103805686784,5640710042,False
内子フレッシュパークからり,愛媛県,内子町,知清,33.55490563,132.6582901,21702.518578765532,5032256241,False
かづの,秋田県,鹿角市,花輪字下中島,40.1818401,140.7852155,21817.714645264125,6040261244,False
おとふけ,北海道,音更町,木野大通西１９丁目,42.976584,143.207419,21819.753520137147,6443317621,False
美濃にわか茶屋,岐阜県,美濃市,梅山町,35.554599,136.913733,22002.044460675716,5336276331,False
国見 あつかしの郷,福島県,国見町,大字塚野目字北寺田,37.872681,140.545612,22003.50863452296,5640644341,False
センザキッチン,山口県,長門市,仙崎,34.388466,131.202713,22030.113274400308,5131416631,False
保田小学校,千葉県,鋸南町,大帷子,35.1430213,139.8439449,22055.481380208323,5239567721,False
とみうら,千葉県,南房総市,富浦町青木,35.0376773,139.8371306,22108.033792449474,5239464642,False
とうじょう,兵庫県,加東市,南山１丁目,34.8940786,135.0756464,22166.496755431483,5235207613,False
にしかた,栃木県,栃木市,西方町金崎,36.4666875,139.7431798,22477.090335034136,5439556912,False
うつのみや ろまんちっく村,栃木県,宇都宮市,徳次郎町,36.633391,139.8313127,22882.228586302783,5439766621,False
源平の里むれ,香川県,高松市,牟礼町大町,34.3337252,134.1574969,22992.19824008197,5134410221,False
南信州 とよおかマルシェ,長野県,高森町,下市田出砂原,35.544442,137.891347,23137.325193304183,5337275114,False
八幡浜みなっと,愛媛県,八幡浜市,,33.45816264,132.418138,23196.065043981755,5032134334,False
果樹公園あしがくぼ,埼玉県,横瀬町,大字芦ケ久保,35.9769074,139.1355565,23223.114749839973,,False
しゃり,北海道,斜里町,港町,43.9117709,144.664213799999,23224.615506694852,6544659313,False
妹子の郷,滋賀県,大津市,和邇中,35.1598017,135.9015502,23232.03623992897,,False
福良,兵庫県,南あわじ市,福良築地,34.25564,134.719256,23285.302532125777,5134350741,False
日本昭和村,岐阜県,美濃加茂市,蜂屋町上蜂屋,35.4736126,137.0306176,23318.49403110794,,False
筆柿の里・幸田,愛知県,幸田町,大字桐山,34.8485237,137.138304,23328.640115887843,,False
スペース・アップルよいち,北海道,余市町,黒川町６丁目,43.1885383,140.788781299999,23419.132454528124,6440662331,False
アリストぬまくま,広島県,福山市,沼隈町大字草深,34.394684,133.3173083,23488.11216924621,5133427514,False
つる,山梨県,都留市,小形山大原,35.582917,138.931227,23531.578941227832,,False
ながら,千葉県,長柄町,六地蔵,35.4573078,140.206659899999,23564.983086243392,5340114643,False
香南楽湯,香川県,高松市,香南町横井,34.2394188,134.0072876,23578.04434138394,5134208041,False
うすい,福岡県,嘉麻市,大字光代,33.5639493,130.7132593,23836.92711931367,5030257731,False
滝宮,香川県,綾川町,滝宮,34.2497767901761,133.91735948833,23842.843582567773,5133279334,False
織部の里・もとす,岐阜県,本巣市,曽井中島,35.500115,136.667187,23861.424139905852,,False
オアシスおぶせ,長野県,小布施町,大字大島,36.689123,138.2948649,23899.768502031937,,False
和紙の里ひがしちちぶ,埼玉県,東秩父村,大字安戸,36.052482,139.203506,24012.098242485987,5439016614,False
ふじみ,群馬県,前橋市,富士見町石井,36.4693828,139.0942386,24134.33369623293,5439506723,False
流氷街道網走,北海道,網走市,南四条東４丁目,44.022034,144.273893,24240.429473540393,6644022142,False
青洲の里,和歌山県,紀の川市,大字名手市場,34.2807411,135.4417553,24247.56609276051,5135333532,False
やいた,栃木県,矢板市,矢板,36.805614,139.9216154,24387.51864079266,,False
アグリパーク竜王,滋賀県,竜王町,大字山之上,35.0436549,136.1452664,24534.974187667925,,False
富士川,山梨県,富士川町,青柳町,35.557015,138.472064,24648.176421653247,,False
しもつけ,栃木県,下野市,田中,36.3972222,139.8837638,24816.484037532904,,False
びえい「丘のくら」,北海道,美瑛町,北町１丁目,43.5921253,142.463785499999,24836.39333353087,6542331711,False
月見の里 南濃,岐阜県,海津市,羽沢,35.215087,136.600691,24914.383070066116,5236645833,False
宇陀路大宇陀,奈良県,宇陀市,大字出新,34.4760734,135.9321879,25044.027591065715,5135577421,False
木更津うまくたの里,千葉県,木更津市,真里,35.359948,140.052479,25079.319903109666,,False
よつくら港,福島県,いわき市,四倉町,37.107429,140.992995,25096.21210697152,5540572934,False
池田温泉,岐阜県,池田町,片山,35.419442,136.559813999999,25104.598157181426,5336140424,False
カモンパーク新湊,富山県,射水市,鏡宮,36.7520114,137.084967799999,25162.45883141068,5537100622,False
風和里しばやま,千葉県,芝山町,小池,35.6950636,140.410030099999,25264.130243547246,5340433224,False
淡河,兵庫県,北区,淡河町淡河,34.813904,135.097418,25290.249911082363,5235107742,False
しもつま,茨城県,下妻市,数須,36.2158407,139.9865962,25403.48661265104,5439275844,False
泗水,熊本県,菊池市,豊水,32.92503512,130.7713888,25441.191096880528,,False
浅井三姉妹の郷,滋賀県,長浜市,大依町,35.4300512,136.3054291,25515.998592304455,5336121432,False
かでな,沖縄県,嘉手納町,字屋良,26.3681116,127.7741485,25755.41888010447,3927464122,False
かつやま,山梨県,富士河口湖町,大嵐,35.5043462,138.734304899999,25918.445620174396,,False
季楽里あさひ,千葉県,旭市,東足洗,35.71785572,140.675557,25954.27920446306,,False
関宿,三重県,亀山市,関町木崎,34.849508,136.3926996,25986.387497655942,5236231134,False
みぶ,栃木県,壬生町,大字国谷,36.4552686,139.8069587,26031.964966125797,,False
くじ,岩手県,久慈市,十八日町２丁目,40.1898882,141.764638699999,26127.251373915395,6041262133,False
井波,富山県,南砺市,井波,36.5615090999999,136.977887,26449.75959346438,5436677813,False
東浦ターミナルパーク,兵庫県,淡路市,浦,34.5374471,134.9923784,26553.12442882294,5134674914,False
みなの,埼玉県,皆野町,大字皆野字吉丸,36.0769587,139.1096496,26618.065200748366,5439009822,False
にのみや,栃木県,真岡市,久下田西７丁目,36.3673361,139.964996,26797.966985530868,5439474711,False
ことひき,香川県,観音寺市,有明町,34.1305993,133.6437157,26948.8636442214,5133155132,False
いわない,北海道,岩内町,字万代,42.9834347,140.5167801,27011.59660366749,6440348112,False
こもち,群馬県,渋川市,大字白井,36.5151403,139.016362699999,27227.420017699653,5439601134,False
あきた港,秋田県,秋田市,土崎港西１丁目,39.7527085,140.061005,27302.386007189285,,False
可児ッテ「ＣＡＮＩＴＴＥ」,岐阜県,可児市,柿田,35.430055,137.101163,27315.684121531012,5337101831,False
富士吉田,山梨県,富士吉田市,新屋,35.4591861,138.8019802,27326.924481468857,5338165411,False
みかも,栃木県,栃木市,藤岡町大田和,36.296714,139.625248,27486.900465516206,5439355031,False
とよとみ,山梨県,中央市,浅利,35.5849397,138.545212099999,27641.5707148539,5338340321,False
思川,栃木県,小山市,大字下国府塚,36.3081818,139.7607461,27654.106719992193,,False
ウェーブパークなめりかわ,富山県,滑川市,中川原,36.7743768,137.3444564,27679.227477300552,5537122743,False
甘楽,群馬県,甘楽町,大字善慶寺,36.2337493,138.9166528,27708.51020688865,5438278312,False
竜王かがみの里,滋賀県,竜王町,大字鏡,35.085777,136.079297,27824.184440356268,5236500614,False
内灘サンセットパーク,石川県,内灘町,字大学１丁目,36.6591958,136.648897,27945.467220647224,5436759122,False
十文字,秋田県,横手市,十文字町字海道下,39.226174,140.521447,28063.896817001736,5840647121,False
能登食祭市場,石川県,七尾市,府中町浜通,37.0489849,136.968983999999,28162.397858630316,5536475743,False
むげ川,岐阜県,関市,武芸川町跡部,35.5151834,136.8541224,28421.52549285288,5336261834,False
海の京都 宮津,京都府,宮津市,宮津島崎,35.5383355,135.1939786,28517.517203877527,5335214541,False
あいおい白龍城,兵庫県,相生市,那波南本町,34.804286,134.461841,28654.78434922986,5234136642,False
おおき,福岡県,大木町,大字横溝,33.21790626,130.437973,28754.934810041213,,False
柿の郷くどやま,和歌山県,九度山町,大字九度山,34.2932,135.555557,29263.890832984413,5135345412,False
みさき,大阪府,岬町,淡輪,34.325936,135.17379,29573.765276512142,5135319322,False
くるめ,福岡県,久留米市,善導寺町与田,33.3190429,130.5942111,29658.385414609893,4930748723,False
めぐみ白山,石川県,白山市,村井南区,36.506041,136.553443,29677.723575022133,5436640432,False
能勢（くりの郷）,大阪府,能勢町,平野,34.9566571,135.4009924,29714.163544197083,,False
藤樹の里あどがわ,滋賀県,高島市,安曇川町上小川,35.3261987,136.0300086,29717.316065464904,5236709212,False
輪島,石川県,輪島市,河井町栄町上川町,37.388618,136.905971,29742.214013966768,5636076232,False
都城,宮崎県,都城市,都北町,31.7686702,131.0951485,29948.822150313787,,False
恋人の聖地 うたづ臨海公園,香川県,宇多津町,浜一番丁,34.31338818,133.807966,29964.119426045076,,False
大社ご縁広場,島根県,出雲市,大社町杵築南,35.3892258,132.686398,30279.051858199764,5332056442,False
草津,滋賀県,草津市,下物町,35.0700321,135.9392505,30380.183440472792,,False
川のみなと長井,山形県,長井市,ままの上,38.108211,140.043516,30455.928356852943,5740102334,False
だて歴史の杜,北海道,伊達市,梅本町,42.4717206,140.8771001,30877.935832033236,,False
赤城の恵,群馬県,前橋市,荻窪町,36.4236952,139.128455499999,31003.230848280815,,False
みはら神明の里,広島県,三原市,糸崎３丁目,34.3968282,133.1038862,31048.808229013597,5133407832,False
燕三条地場産センター,新潟県,三条市,須頃１丁目,37.6492628,138.9334638,31291.113259121463,5638377443,False
半布里の郷 とみか,岐阜県,富加町,羽生,35.4743201,136.980146,31296.163518625403,5336176834,False
ふじおやま,静岡県,小山町,阿多野（吉久保）,35.3444505,138.9500838,31339.26130025514,5338071613,False
あわじ,兵庫県,淡路市,岩屋竜松,34.6013544,135.0094203,31482.277921324523,5135702022,False
ねごろ歴史の丘,和歌山県,岩出市,大字根来,34.286813,135.311361,31619.34717915466,5135324424,False
土岐美濃焼街道,岐阜県,土岐市,駄知町,35.336059,137.2231904,32261.813551759085,5337010724,False
みやま,福岡県,みやま市,瀬高町小川,33.1482179029797,130.484540285983,32294.576368156973,4930537844,False
いながわ,兵庫県,猪名川町,万善,34.9193434,135.3517588,32543.74781614581,5235320813,False
クレール平田,岐阜県,海津市,野寺,35.2747147,136.671057099999,32604.88860427988,5236752343,False
神戸フルーツ・フラワーパーク 大沢,兵庫県,北区,長尾町上津,34.850249,135.190522,32722.283397920135,,False
富有柿の里いとぬき,岐阜県,本巣市,上保,35.4725539,136.6760471,33030.36638671286,5336156431,False
水の郷さわら,千葉県,香取市,佐原イ,35.896313,140.505908,33126.560929438805,5340647032,False
させぼっくす99,長崎県,佐世保市,愛宕町,33.2015015,129.671634,33421.378736606086,4929654321,False
富士川楽座,静岡県,富士市,木島小山,35.1618278,138.6186186,33469.29420878368,5238549914,False
天童温泉,山形県,天童市,鍬ノ町２丁目,38.354481,140.387127,33490.03405864517,5740432042,False
南相馬,福島県,南相馬市,原町区高見町２丁目,37.635707,140.983582,34059.91758023853,5640376823,False
あずの里いちはら,千葉県,市原市,浅井小向,35.4638588,140.109646,34166.49328831357,,False
きたかわべ,埼玉県,加須市,小野袋,36.2110887,139.662783399999,34173.408612558786,,False
氷見,富山県,氷見市,北大町,36.864417,136.98721,34431.011452536775,5536273842,False
立田ふれあいの里,愛知県,愛西市,立田町松田,35.1442911,136.6949567,34528.47323248879,,False
すいかの里 植木,熊本県,北区,植木町一木,32.907939,130.692874,34803.61566079747,4930258534,False
うき,熊本県,宇城市,久具,32.6511943,130.6977338,34889.276014762414,,False
まくらがの里 こが,茨城県,古河市,大和田大和田上,36.191431,139.789732,34991.07469470123,5439262333,False
しらね,山梨県,南アルプス市,在家塚,35.6380315,138.471158999999,35221.736183466375,5338336741,False
パレットピアおおの,岐阜県,大野町,大字下磯,35.431918,136.628084,35656.09416721572,5336151033,False
みき,兵庫県,三木市,福井,34.7873424932336,134.977205271411,35994.28453282475,,False
砺波,富山県,砺波市,花園町,36.6414874,136.960092,36009.747999493666,5436776644,False
日立おさかなセンター,茨城県,日立市,久慈町４丁目,36.4923537,140.6151942,36035.971704330805,5440549911,False
童謡のふる里おおとね,埼玉県,加須市,佐波,36.170307,139.6451589,36556.18486516099,5439250123,False
おおた,群馬県,太田市,新田下江田町,36.2646406,139.2964207,36686.56004834492,,False
万葉の里 高岡,富山県,高岡市,蜂ケ島,36.7367136,136.9693519,36778.3583053016,5536078723,False
たけはら,広島県,竹原市,本町一丁目,34.3439384,132.9121681,37024.71549709939,5132471224,False
はにゅう,埼玉県,羽生市,大字小須賀,36.1887372,139.5107702,37658.81593739136,,False
喜名番所,沖縄県,読谷村,字喜名,26.3993416,127.758204,37780.37829480618,3927467043,False
大津,熊本県,大津町,美咲野４丁目,32.8811014,130.8908127,37999.764107166964,4930275132,False
よしおか温泉,群馬県,吉岡町,漆原,36.4413405,139.035164,38550.57928754545,5439502244,False
はなぞの,埼玉県,寄居町,大字小園,36.1218906,139.227294,39155.27525656529,5439114831,False
伊豆のへそ,静岡県,伊豆の国市,白山堂,35.0117848999999,138.941064699999,39722.63936345204,5238471514,False
ごか,茨城県,五霞町,大字江川,36.0952767,139.758331699999,41031.4109970074,5439161023,False
めぬま,埼玉県,熊谷市,八木田中口,36.2145575,139.3693257,41087.87532557005,,False
藤川宿,愛知県,岡崎市,藤川町,34.9142483,137.2168536,41487.54115960602,5237219732,False
豊崎,沖縄県,豊見城市,豊崎,26.1576946,127.6553335,42026.794540956515,,False
おがわまち,埼玉県,小川町,大字小川,36.0523844,139.2811686,42805.18560046625,5439026214,False
いずみ山愛の里,大阪府,和泉市,松尾寺町,34.423154,135.4830003,42924.95255412284,5135530843,False
かわもと,埼玉県,深谷市,長在家,36.1515097,139.2890291,43009.375579883075,5439128311,False
ららん藤岡,群馬県,藤岡市,中,36.2721362,139.0716443,43512.99179796426,5439302541,False
おかべ,埼玉県,深谷市,岡,36.2185243,139.241279699999,43563.357689036326,,False
にしお岡ノ山,愛知県,西尾市,志篭谷町,34.8767959,137.0831113,44576.446142983215,5237205621,False
瀬戸しなの,愛知県,瀬戸市,品野町１丁目,35.2423483,137.115081799999,45061.46004550628,5237609911,False
日光,栃木県,日光市,今市,36.72453076,139.6878876,45092.043977947425,5539056533,False
田原めっくんはうす,愛知県,田原市,東赤石,34.6613618,137.272428,45706.185173731115,5137729124,False
那須野が原博物館,栃木県,那須塩原市,三島４丁目,36.899706,139.969139,45743.5798338302,5539277743,False
伊豆ゲートウェイ函南,静岡県,函南町,塚本,35.075604,138.926014,45949.1052212424,,False
びんご府中,広島県,府中市,府川町,34.56977,133.235633,45972.75813504236,5133618824,False
ちはやあかさか,大阪府,千早赤阪村,大字川野辺,34.4642761554969,135.625936427755,46211.68644732288,5135555031,False
玉村宿,群馬県,玉村町,大字上新田新田,36.30833423,139.0945846,46483.13581137965,5439307721,False
西山公園,福井県,鯖江市,桜町３丁目,35.9486607158321,136.180677318771,46834.823310710715,5336713434,False
パティオにいがた,新潟県,長岡市,中之島,37.546709,138.883471,47029.571165641726,5638275041,False
愛彩ランド,大阪府,岸和田市,三ケ山町,34.4225565,135.42543,47275.874494418036,,False
清川,神奈川県,清川村,煤ケ谷,35.4825222,139.2771732,48108.22789613927,5339127233,False
みのりの郷東金,千葉県,東金市,道庭,35.5772141,140.3836754,48871.61442675326,,False
デンパーク安城,愛知県,安城市,赤松町,34.9305143344235,137.058186449845,49313.509464574374,,False
どまんなか たぬま,栃木県,佐野市,吉水駅前３丁目,36.3438044,139.5720735,50189.55588694788,5439441524,False
新潟ふるさと村,新潟県,江南区,俵柳,37.866345,139.020212,50359.93572886207,5639603143,False
いちごの里 よしみ,埼玉県,吉見町,大字谷口,36.0363563,139.457688299999,51938.44816505048,5439034623,False
うわじま きさいや広場,愛媛県,宇和島市,弁天町,33.22242256,132.5582355,52451.88947693036,4932646441,False
かつらぎ,奈良県,葛城市,中戸,34.495401,135.704788,53342.89645112001,5135559614,False
クロス10十日町,新潟県,十日町市,本町,37.1384419,138.761379,54008.42553354472,5538566042,False
さかい,茨城県,境町,大字境新吉町,36.102676,139.795303,55256.773965812106,5439162323,False
さかい,茨城県,境町,大字境新吉町,36.102676,139.795303,55256.773965812106,5439162323,False
飛鳥,奈良県,明日香村,大字越,34.464724444000055,135.79861138900003,55362.66291788622,5135565344,False
ちちぶ,埼玉県,秩父市,上野町,35.9974408,139.0893968,55463.221390778235,5339709731,False
びわ湖大橋米プラザ,滋賀県,大津市,今堅田３丁目,35.1246283,135.9281834,55491.033637252825,,False
アグリパークゆめすぎと,埼玉県,杉戸町,大字才羽,36.0246324,139.769259599999,56239.91581462512,5439062143,False
レスティ 唐古・鍵,奈良県,田原本町,大字唐古,34.571407,135.797418,57563.536941867445,5135668342,False
かなん,大阪府,河南町,大字神山,34.478438,135.617062,58530.80094554364,5135547914,False
花ロードえにわ,北海道,恵庭市,中島町３丁目,42.8972354,141.5856753,58897.82182776354,,False
あさひかわ,北海道,旭川市,神楽四条６丁目,43.7600001,142.3484462,60710.06136483563,6542521722,False
近つ飛鳥の里太子,大阪府,太子町,大字山田,34.5167874,135.6584047,60851.0873243171,5135652221,False
いとまん,沖縄県,糸満市,西崎１丁目,26.1384965,127.661156,61700.928002232155,3927156242,False
ガレリアかめおか,京都府,亀岡市,余部町余部町,35.0145442,135.566682,62315.06610730705,5235441532,False
アグリの郷栗東,滋賀県,栗東市,大橋３丁目,35.0387341,136.0015367,63573.58353101398,5236404031,False
ふたかみパーク當麻,奈良県,葛城市,新在家,34.5265079,135.6932765,65628.81419226585,5135653512,False
庄和,埼玉県,春日部市,上柳,35.9967914,139.7947804,68964.65773227603,5339769341,False
菰野,三重県,菰野町,大字菰野,35.013663,136.5030552,70837.5920606371,5236441031,False
奥河内くろまろの郷,大阪府,河内長野市,高向,34.435966,135.551096,72531.49566139432,5135542413,False
富士,静岡県,富士市,宮島,35.1334097,138.6470417,72694.92909032937,5238556122,False
サーモンパーク千歳,北海道,千歳市,花園３丁目,42.833788,141.65933,74532.9790204989,6441250221,False
柳津,岐阜県,岐阜市,柳津町北塚４丁目,35.3700936,136.7313569,81767.83908751345,5336054823,False
やちよ,千葉県,八千代市,米本団地,35.7584154,140.106748599999,85360.36277122269,,False
大和路へぐり,奈良県,平群町,大字下垣内,34.6235384,135.7062481,86653.61018009057,5135754634,False
しょうなん,千葉県,柏市,箕輪,35.8577705,140.0232539,93441.03710948811,,False
八王子滝山,東京都,八王子市,滝山町１丁目,35.6866238,139.341474899999,136420.68185196698,5339422714,False
しらとりの郷・羽曳野,大阪府,羽曳野市,羽曳が丘１０丁目,34.533043,135.587747,141238.46623494683,5135643733,False
いちかわ,千葉県,市川市,国分６丁目,35.7488419,139.9194133,228817.3856490388,5339479343,False
川口・あんぎょう,埼玉県,川口市,安行出羽５丁目,35.848019,139.765768999999,241447.18441231392,5339661134,False
